signal_feature_alpha,signal_feature_beta,signal_feature_gamma,categorical_tier_rank,signal_feature_delta,system_efficiency_ratio,target_outcome_class
57.451,19.481,2.763,3,127.314,0.652,1
47.926,21.404,1.505,5,105.526,0.742,0
59.715,19.778,1.998,2,111.807,0.765,1
72.845,28.231,2.955,5,139.773,0.849,0
46.488,10.381,2.974,1,52.783,0.61,1
46.488,12.584,3.871,3,121.082,0.915,1
73.688,11.819,2.31,3,163.296,0.99,1
61.512,24.642,2.737,1,98.694,0.661,1
42.958,25.203,1.918,5,72.672,0.473,0
58.138,21.61,2.6,1,98.327,0.476,1
43.049,27.468,2.883,4,64.488,0.65,0
43.014,8.576,2.292,1,116.771,0.623,1
53.629,31.338,0.416,5,107.789,0.721,0
21.301,30.186,2.765,1,119.562,0.791,1
24.126,23.885,2.801,2,106.063,0.54,1
41.566,32.254,1.652,1,115.877,0.696,1
34.808,4.747,0.987,1,123.515,0.649,1
54.714,13.804,4.023,5,74.071,0.99,0
36.38,12.118,2.941,4,120.383,0.527,1
28.815,23.772,2.148,4,153.446,0.614,1
71.985,9.599,1.149,5,81.148,0.725,0
46.613,24.06,1.496,5,119.25,0.615,1
51.013,28.964,3.833,5,148.841,0.879,0
28.629,23.562,2.551,2,75.349,0.577,1
41.834,20.27,1.794,3,133.936,0.592,1
51.664,10.097,2.961,1,103.339,0.891,1
32.735,11.225,1.504,5,140.34,0.553,1
55.635,27.997,4.051,5,85.266,0.837,0
40.99,24.235,3.888,5,109.728,0.657,1
45.625,17.688,1.887,4,64.445,0.633,0
40.974,14.657,1.708,5,123.119,0.649,1
77.784,1.794,0.1,1,123.462,0.563,1
49.798,9.433,0.77,5,126.224,0.847,0
34.134,33.291,0.927,1,124.748,0.739,0
62.338,7.756,2.549,2,107.268,0.845,1
31.687,19.516,2.041,3,65.671,0.885,0
53.133,26.06,0.92,4,139.762,0.796,0
20.605,7.961,2.091,1,108.847,0.517,1
30.077,19.478,2.956,2,121.805,0.584,1
52.953,25.503,2.981,3,104.444,0.839,1
61.077,18.1,0.31,3,168.763,0.728,1
52.571,40.947,2.259,3,92.971,0.811,0
48.265,4.651,0.878,1,91.817,0.708,0
45.483,26.47,3.392,2,63.151,0.66,0
27.822,16.618,3.263,5,113.387,0.811,0
39.202,24.175,1.412,2,165.752,0.478,1
43.09,21.53,1.557,2,113.751,0.675,0
65.857,12.135,1.893,2,116.813,0.729,1
55.154,19.832,0.1,1,139.196,0.749,1
23.554,3.137,2.77,1,114.863,0.539,1
54.861,22.826,2.1,1,145.979,0.545,1
44.224,20.385,3.467,2,150.432,0.665,1
39.846,23.109,1.192,1,92.21,0.711,1
59.175,26.465,1.719,3,67.087,0.938,0
65.465,20.941,0.743,1,130.688,0.597,1
63.969,19.185,1.295,4,119.679,0.651,0
37.412,10.951,1.1,1,78.624,0.943,0
45.362,12.302,3.496,1,89.659,0.869,1
54.969,27.494,1.632,1,89.566,0.564,1
64.633,29.491,2.537,1,114.424,0.815,0
42.812,16.095,1.981,4,139.922,0.837,0
47.215,18.368,1.004,5,141.601,0.747,0
33.405,10.763,2.215,1,133.725,0.556,1
32.057,27.382,3.059,3,101.237,0.637,1
62.188,23.323,1.071,4,176.603,0.632,1
70.344,33.53,3.29,5,110.997,0.794,0
48.92,10.973,1.465,1,98.336,0.66,1
65.053,14.976,1.869,5,69.018,0.683,0
55.425,19.852,2.984,3,99.574,0.636,0
40.323,23.172,1.67,4,123.163,0.502,1
55.421,16.275,2.441,4,62.413,0.99,0
73.071,11.016,2.054,5,81.377,0.776,0
49.463,25.051,2.542,1,95.98,0.926,1
73.47,23.769,0.1,2,86.738,0.564,1
10.704,10.67,0.387,4,84.264,0.933,0
62.329,28.844,3.078,2,143.738,0.664,1
51.306,27.362,3.541,4,60.48,0.794,0
45.515,19.074,1.398,1,115.261,0.859,0
51.376,18.637,2.132,1,125.572,0.932,1
20.186,22.432,2.724,4,95.477,0.714,0
46.705,11.106,3.163,5,103.192,0.579,0
55.357,18.24,0.17,1,108.784,0.718,0
72.168,0.781,1.425,1,129.029,0.803,1
42.226,25.012,2.034,3,155.921,0.645,1
37.873,5.508,3.173,1,71.465,0.661,1
42.474,30.027,5.0,3,82.512,0.503,1
63.731,15.359,2.149,1,84.023,0.583,1
54.931,16.307,0.852,1,109.623,0.782,1
42.054,12.978,2.842,5,98.007,0.843,0
57.699,15.696,3.853,5,129.993,0.874,0
51.456,29.348,2.519,1,90.305,0.99,0
64.53,0.0,1.403,4,83.352,0.928,0
39.469,28.216,3.454,4,87.106,0.699,0
45.085,20.704,3.13,1,113.471,0.589,1
44.118,8.344,1.271,4,138.918,0.684,1
28.047,9.398,2.82,1,108.667,0.643,1
54.442,31.411,3.497,5,93.255,0.743,0
53.916,10.436,3.7,2,79.069,0.845,0
50.077,8.773,2.327,3,153.849,0.787,1
46.481,27.099,2.006,4,57.171,0.941,0
28.769,20.708,3.75,4,104.418,0.775,0
43.69,10.497,1.069,5,132.192,0.541,1
44.859,19.733,2.882,4,104.004,0.64,1
37.966,9.794,0.893,1,93.01,0.776,0
47.581,26.807,3.572,1,126.07,0.752,1
56.061,26.491,2.116,2,77.187,0.903,0
78.293,22.256,3.795,2,57.776,0.721,0
52.619,20.893,2.941,2,120.595,0.695,1
53.863,32.09,1.054,1,80.145,0.5,1
48.883,17.997,3.967,2,113.952,0.607,1
21.218,8.545,4.106,2,106.302,0.763,1
49.602,21.596,3.371,1,117.831,0.749,1
50.903,34.688,1.562,5,103.188,0.803,0
86.949,9.882,2.063,4,126.546,0.783,1
47.115,15.108,2.56,3,88.894,0.704,0
54.523,21.332,1.626,1,133.437,0.58,1
49.479,17.569,4.262,1,73.471,0.72,0
32.47,10.142,2.559,3,145.179,0.714,1
67.142,26.975,0.1,3,171.549,0.912,0
61.279,36.56,2.773,2,113.243,0.906,0
61.865,19.569,2.017,3,157.075,0.653,1
36.359,10.767,2.318,4,164.852,0.633,1
71.042,5.608,1.995,4,100.372,0.53,1
28.972,20.064,3.288,4,111.436,0.697,1
58.803,26.831,3.632,4,85.576,0.654,0
82.857,21.801,2.711,4,87.512,0.99,0
35.142,17.981,2.027,2,116.986,0.564,0
41.506,13.286,2.355,1,60.925,0.728,0
51.495,9.263,2.422,3,135.043,0.63,1
42.448,24.678,1.517,1,115.019,0.723,0
26.74,25.31,3.037,3,130.44,0.673,0
51.028,5.634,2.906,2,104.539,0.834,1
34.065,30.719,4.094,2,130.176,0.782,1
57.104,22.593,3.781,5,117.429,0.829,0
36.209,29.197,1.646,5,125.217,0.615,1
73.249,7.263,3.302,2,137.051,0.871,1
38.251,7.073,1.354,2,72.052,0.653,0
45.169,16.808,3.166,3,88.908,0.523,1
62.203,22.022,1.832,2,179.445,0.695,1
31.537,32.371,1.274,1,116.218,0.736,1
53.412,23.649,2.708,3,58.496,0.545,0
69.607,16.059,0.1,2,58.663,0.842,0
25.888,9.789,0.474,3,107.75,0.606,1
52.77,27.84,2.205,3,94.309,0.6,0
53.898,10.282,2.491,4,85.809,0.72,0
61.727,31.028,1.994,5,163.794,0.84,0
31.446,15.725,0.663,3,98.927,0.55,1
30.193,30.725,1.5,3,134.629,0.852,0
57.829,23.431,2.83,4,117.504,0.418,1
54.455,16.904,3.04,2,101.153,0.766,0
53.757,13.845,2.382,3,75.748,0.562,1
55.197,15.273,3.673,4,133.077,0.608,1
39.8,21.427,2.837,1,39.669,0.963,0
53.484,18.617,1.578,4,136.12,0.582,1
54.396,13.25,2.091,5,114.539,0.712,0
39.285,16.675,0.857,5,128.557,0.571,0
77.987,18.629,2.281,2,110.233,0.828,0
57.107,0.97,3.623,2,72.97,0.777,1
32.13,21.665,3.154,5,122.046,0.797,0
59.848,10.162,3.942,5,135.467,0.878,1
35.38,8.773,2.067,3,95.626,0.673,0
61.806,4.501,3.881,5,129.722,0.87,1
67.379,3.649,2.187,2,118.897,0.929,1
37.69,7.156,4.019,5,123.517,0.76,1
64.451,12.328,2.376,2,84.214,0.565,1
56.192,33.626,3.178,1,148.465,0.551,1
62.331,13.793,4.023,5,118.881,0.782,0
78.452,19.422,2.187,2,134.951,0.565,1
46.319,21.204,2.64,4,98.356,0.532,0
38.694,19.049,3.818,3,139.469,0.844,0
36.657,17.38,2.254,2,97.342,0.656,1
37.763,8.438,0.947,5,83.247,0.99,0
48.843,29.607,4.757,5,163.155,0.628,1
55.117,32.458,1.883,1,38.82,0.65,0
54.15,4.539,2.575,4,199.697,0.77,1
62.408,9.808,3.672,2,131.052,0.749,1
50.195,15.762,1.731,4,100.556,0.708,0
71.803,10.284,1.291,1,119.782,0.705,1
46.03,22.048,2.679,3,131.07,0.99,0
90.803,12.174,0.428,4,100.026,0.953,0
59.385,35.32,2.083,1,171.057,0.838,1
37.143,27.524,2.67,2,154.267,0.548,1
33.937,19.701,2.103,3,191.805,0.71,1
57.237,26.216,0.702,5,73.357,0.812,0
46.648,26.847,4.154,1,116.459,0.825,1
60.71,13.488,2.514,5,68.39,0.899,0
57.099,11.47,3.974,3,77.256,0.63,1
48.908,18.625,2.114,1,100.212,0.715,1
37.298,24.893,1.432,1,100.755,0.614,1
27.277,19.112,2.696,3,121.097,0.907,0
43.302,5.384,2.163,2,106.68,0.818,0
62.846,11.577,1.104,1,133.999,0.649,1
53.211,17.408,4.017,3,119.567,0.751,1
31.314,17.395,1.716,4,159.426,0.727,0
52.598,33.78,0.376,5,134.864,0.597,1
55.78,6.912,3.861,1,74.631,0.85,1
36.742,22.045,1.845,4,105.635,0.731,0
52.306,29.913,1.731,1,107.66,0.646,1
50.873,36.172,0.458,2,123.197,0.594,1
32.855,14.765,4.315,3,142.258,0.84,1
55.367,21.931,0.982,1,118.478,0.758,1
58.412,22.558,2.464,3,127.345,0.623,1
66.246,19.564,3.404,1,75.973,0.65,0
65.807,17.209,2.864,2,96.224,0.721,0
29.335,21.488,2.334,2,52.636,0.729,0
35.933,0.0,0.528,4,123.258,0.747,0
57.726,23.457,1.509,2,135.245,0.472,1
57.707,19.009,2.607,3,70.43,0.737,0
57.726,16.22,1.534,2,114.753,0.549,1
100.0,34.375,2.624,1,106.932,0.919,1
58.563,12.601,3.15,2,160.653,0.866,1
67.033,14.775,3.459,3,83.169,0.882,0
64.31,33.932,1.051,1,137.545,0.376,1
59.771,11.344,4.816,4,144.292,0.678,1
45.271,13.599,3.244,4,104.151,0.709,0
61.385,16.824,2.398,4,118.775,0.8,0
38.408,24.726,3.598,1,142.324,0.846,1
46.448,19.662,5.0,4,77.015,0.9,0
42.72,7.659,0.817,2,97.185,0.396,1
51.228,13.743,2.152,1,115.587,0.608,1
84.72,13.141,0.1,1,171.921,0.728,1
21.991,17.382,2.612,1,98.007,0.836,0
60.294,21.407,2.802,5,101.94,0.832,0
25.809,21.346,2.357,3,156.413,0.786,0
42.921,3.792,1.68,5,129.889,0.631,0
66.334,26.512,0.146,5,175.476,0.649,0
50.964,20.021,2.811,5,142.797,0.632,1
33.834,29.076,4.001,3,105.62,0.583,1
39.27,21.554,1.75,5,101.352,0.581,0
60.194,26.811,2.884,4,85.262,0.567,1
39.045,21.732,0.675,1,70.849,0.767,0
53.247,28.77,2.903,1,120.224,0.737,1
50.684,22.178,1.967,2,128.808,0.59,1
40.226,17.217,1.561,4,132.422,0.48,1
82.159,36.179,1.564,3,106.296,0.668,0
59.509,25.112,1.967,1,167.903,0.927,1
19.623,22.59,2.821,5,69.247,0.721,0
52.797,7.79,0.957,2,65.85,0.832,0
40.073,7.694,1.963,2,85.411,0.745,0
62.787,20.342,2.354,1,110.179,0.712,1
38.112,19.164,1.191,4,77.087,0.514,0
48.279,13.087,4.376,2,150.408,0.663,1
57.575,19.128,1.461,1,87.831,0.645,1
62.986,30.709,1.664,4,82.474,0.927,0
31.996,23.563,1.324,1,141.652,0.746,1
44.982,8.872,4.378,1,116.223,0.899,1
42.876,17.108,3.008,4,133.541,0.878,0
40.2,11.56,1.37,4,108.572,0.602,1
76.482,14.898,3.617,4,118.153,0.72,1
56.075,14.691,2.621,1,66.994,0.956,0
31.087,14.179,2.683,2,105.565,0.799,0
63.768,7.959,2.021,3,78.558,0.79,0
81.832,16.979,1.576,3,168.632,0.848,0
65.487,13.515,2.772,1,148.785,0.787,1
27.209,0.0,1.8,1,90.382,0.796,1
42.736,34.424,4.398,2,103.773,0.762,0
69.004,26.71,1.004,4,105.187,0.672,0
39.385,14.99,4.09,1,174.619,0.572,1
56.657,18.151,2.278,5,121.892,0.46,1
61.62,8.627,2.729,4,97.164,0.674,1
36.096,31.566,3.316,1,114.401,0.781,1
49.107,33.178,1.707,5,63.89,0.753,0
10.0,19.254,3.351,2,107.79,0.809,0
34.634,26.188,0.1,5,77.573,0.702,0
46.211,19.402,1.608,1,54.57,0.99,0
31.283,7.306,1.384,3,169.597,0.99,0
74.486,14.705,1.021,1,109.19,0.508,1
28.548,19.055,2.164,3,86.852,0.812,0
43.399,14.364,2.824,2,59.085,0.856,0
51.961,16.251,3.173,2,103.367,0.423,1
71.619,17.269,2.665,4,105.525,0.743,1
28.462,17.353,1.668,4,132.952,0.792,1
67.447,18.418,2.806,3,81.385,0.719,0
50.153,9.515,2.537,3,93.987,0.774,0
35.277,12.264,3.43,2,82.262,0.731,1
56.932,7.723,3.255,5,103.459,0.818,0
52.986,25.823,2.434,3,50.21,0.937,0
40.997,1.155,1.413,3,85.874,0.828,0
51.047,27.229,1.682,5,128.891,0.885,0
44.22,29.091,1.795,4,73.237,0.572,0
51.703,15.583,2.053,4,139.985,0.99,0
59.932,0.0,2.695,3,136.201,0.764,1
73.79,15.11,3.187,4,138.711,0.665,1
31.433,17.487,2.344,4,109.864,0.778,1
81.996,9.915,2.418,4,107.168,0.644,1
20.719,13.878,2.558,2,119.588,0.739,1
47.723,30.242,1.833,1,149.608,0.762,1
58.825,23.319,1.382,3,146.878,0.624,1
54.215,10.603,0.469,3,60.133,0.742,0
40.66,5.219,1.635,2,83.771,0.622,0
46.878,15.384,2.92,1,78.382,0.621,1
42.605,16.292,1.627,1,131.803,0.578,1
41.16,21.97,2.138,2,89.621,0.668,0
62.744,13.717,2.913,5,103.898,0.643,1
55.355,22.092,2.973,5,161.238,0.786,1
39.606,33.481,1.213,1,143.626,0.873,0
63.494,24.524,3.497,5,151.286,0.813,1
54.609,17.615,3.64,5,88.491,0.856,0
62.193,16.535,1.157,5,26.857,0.844,0
59.444,15.147,1.494,1,98.134,0.59,1
37.565,27.445,3.71,5,66.802,0.673,0
41.597,12.981,2.238,3,51.679,0.969,0
61.209,18.362,0.1,1,143.86,0.644,1
59.156,18.41,0.86,2,83.245,0.98,0
49.686,13.986,2.126,5,85.803,0.662,0
51.76,7.02,1.121,4,99.027,0.433,1
69.165,20.584,1.945,1,159.395,0.685,1
41.126,17.512,2.436,2,105.152,0.839,0
58.206,22.002,4.008,3,138.548,0.953,0
46.967,13.731,2.081,2,100.54,0.513,1
46.735,27.767,3.58,5,62.586,0.836,0
66.482,10.986,3.972,4,74.305,0.845,0
62.381,31.696,3.978,5,109.886,0.902,0
62.203,4.019,2.713,2,113.229,0.346,1
69.582,21.478,0.24,1,126.281,0.952,0
50.315,21.803,2.907,4,126.294,0.782,1
60.229,11.636,3.553,4,137.005,0.784,1
45.346,21.395,2.311,2,86.925,0.865,0
54.862,28.236,4.319,5,164.817,0.439,1
48.048,0.265,3.346,2,167.563,0.862,1
51.455,22.022,3.025,4,94.384,0.99,0
58.927,0.0,3.595,2,86.182,0.528,1
37.727,10.275,2.767,4,56.456,0.711,0
81.386,31.033,0.1,5,115.127,0.725,0
34.91,13.346,1.851,1,123.573,0.77,1
31.787,8.609,3.717,1,92.62,0.78,1
67.372,16.416,1.512,2,118.483,0.626,1
61.875,34.543,2.154,4,68.366,0.726,0
59.362,3.347,1.251,1,139.03,0.964,0
59.425,9.59,4.362,4,94.071,0.777,1
49.816,29.979,4.25,5,118.663,0.772,0
36.541,32.862,1.428,2,116.305,0.62,0
51.137,17.173,2.562,4,51.187,0.907,0
39.843,8.088,1.651,2,135.021,0.69,1
64.627,34.767,3.076,4,86.467,0.433,1
47.794,30.756,2.961,4,116.075,0.779,0
37.618,23.432,3.293,5,67.704,0.819,0
45.179,11.501,2.765,2,95.619,0.678,1
56.194,17.608,5.0,3,120.897,0.407,1
41.544,16.717,1.269,4,77.621,0.564,0
37.667,20.647,0.518,4,79.264,0.704,0
53.655,29.608,1.968,1,113.752,0.665,1
53.674,25.035,0.675,2,104.975,0.782,0
42.396,9.381,0.758,3,120.479,0.803,0
42.934,29.012,1.299,5,98.966,0.659,0
53.481,20.505,1.386,3,129.245,0.524,1
28.279,23.497,1.35,5,92.991,0.923,0
28.888,29.732,2.97,3,127.912,0.798,0
39.223,9.107,1.843,3,82.797,0.814,0
46.798,17.713,2.203,2,91.67,0.774,0
54.664,13.748,3.384,1,131.92,0.874,0
72.13,5.457,1.557,3,94.569,0.667,0
62.865,20.774,2.109,4,74.863,0.836,0
47.601,38.092,2.802,4,161.903,0.814,1
49.715,3.279,0.264,4,108.946,0.809,0
34.962,17.742,0.1,1,124.144,0.553,1
49.722,23.124,2.781,3,42.138,0.739,0
45.67,18.985,2.941,5,149.954,0.774,1
54.841,17.095,4.671,5,189.387,0.969,1
37.592,7.606,2.574,2,147.265,0.734,1
57.79,19.862,3.302,1,151.541,0.871,1
72.991,11.946,2.185,3,97.737,0.512,1
48.369,0.481,2.727,4,117.555,0.62,1
56.026,27.557,4.234,1,124.642,0.781,1
60.352,25.667,0.1,1,89.072,0.78,0
43.982,18.413,2.855,3,106.278,0.62,1
53.361,19.833,4.749,2,79.97,0.854,1
50.189,26.595,2.71,2,98.135,0.697,0
51.465,19.795,4.216,2,135.227,0.693,1
38.405,25.232,1.708,4,57.027,0.709,0
50.368,15.62,2.365,4,138.593,0.907,0
57.47,28.496,2.437,3,62.679,0.872,0
71.767,20.566,0.1,2,111.574,0.984,0
64.389,19.552,1.115,3,114.303,0.797,0
82.298,7.84,1.193,2,127.184,0.99,1
38.49,20.296,3.304,1,104.584,0.753,1
63.085,11.344,3.359,5,78.659,0.702,0
52.75,12.894,2.756,5,115.535,0.659,1
82.847,11.477,3.307,2,175.175,0.695,1
37.876,9.47,2.219,3,109.568,0.702,1
37.404,34.998,3.722,4,83.559,0.624,1
41.009,28.651,2.41,2,95.986,0.637,1
18.142,33.363,2.464,2,114.507,0.805,0
42.114,8.217,2.108,4,101.941,0.652,0
38.613,18.57,3.153,2,97.773,0.482,1
52.256,7.652,1.937,1,149.823,0.475,1
55.126,12.434,3.474,4,125.518,0.426,1
78.143,10.655,1.155,1,106.444,0.522,1
64.256,27.917,1.191,5,106.674,0.552,0
41.346,14.83,3.156,4,115.195,0.584,1
36.524,26.547,2.303,4,126.809,0.76,0
57.379,22.833,1.901,3,148.469,0.542,1
30.197,36.429,3.379,3,97.643,0.591,1
77.472,6.164,1.732,4,80.167,0.464,1
67.692,28.074,2.18,5,93.317,0.628,0
42.962,27.172,3.939,2,83.732,0.821,0
24.303,10.213,4.093,3,64.22,0.717,0
70.308,26.057,4.13,5,152.318,0.731,1
48.282,20.689,2.09,5,135.638,0.72,1
68.567,16.18,3.754,3,41.494,0.54,1
26.084,11.409,1.356,2,116.538,0.663,1
41.009,12.247,1.402,3,98.698,0.751,1
50.079,34.398,0.1,5,95.123,0.856,0
50.705,18.005,4.24,1,35.404,0.771,0
43.249,24.257,1.45,3,109.243,0.843,0
59.343,11.673,2.261,5,112.308,0.568,1
33.986,11.761,1.399,3,74.693,0.51,0
47.864,26.656,3.165,5,158.682,0.475,1
51.804,7.203,1.987,2,133.74,0.834,1
57.717,14.678,0.965,5,78.01,0.518,0
60.674,18.272,2.886,4,140.692,0.869,0
33.13,18.891,0.823,1,96.033,0.658,0
26.988,16.567,1.479,5,141.653,0.954,0
69.165,21.167,0.1,3,66.713,0.657,0
54.985,23.543,0.834,3,115.102,0.665,0
38.773,23.877,2.596,5,73.512,0.729,0
73.267,10.114,0.239,4,84.879,0.662,0
51.735,15.727,0.771,5,52.05,0.779,0
67.689,27.558,2.397,2,72.966,0.574,1
51.013,25.157,1.802,4,72.791,0.746,0
80.911,7.017,4.591,5,69.039,0.615,0
76.33,20.812,4.417,1,115.658,0.691,1
46.266,2.174,1.445,4,57.014,0.527,0
64.574,18.375,3.013,5,118.964,0.842,0
59.681,33.182,3.224,1,140.177,0.67,1
70.529,10.417,1.743,5,83.328,0.848,0
35.526,11.325,0.755,2,107.452,0.617,1
60.291,24.112,2.386,3,99.931,0.719,1
65.876,5.658,2.21,5,97.655,0.85,0
23.619,12.938,1.921,4,33.335,0.555,0
32.251,22.772,2.887,5,76.196,0.596,0
19.412,12.926,1.574,5,153.843,0.833,0
45.959,16.112,1.133,5,119.715,0.909,0
60.763,23.953,2.52,5,102.759,0.722,0
72.535,21.372,2.825,4,49.378,0.584,0
51.111,20.135,1.106,4,127.795,0.675,1
74.429,15.287,3.421,5,82.65,0.99,0
29.298,20.96,0.452,3,72.876,0.533,0
24.449,17.01,1.764,5,75.883,0.794,0
49.167,21.662,2.116,4,125.319,0.738,0
55.761,14.025,1.7,2,107.871,0.558,1
49.51,16.539,1.778,5,135.938,0.676,1
18.988,10.08,4.458,5,143.772,0.467,1
48.663,17.72,1.464,5,87.816,0.76,0
30.433,11.512,5.0,5,108.719,0.781,0
60.045,9.088,2.881,1,100.91,0.529,1
55.499,20.069,2.501,5,69.146,0.798,0
35.902,19.702,2.924,4,73.462,0.627,0
42.292,24.263,5.0,4,105.075,0.614,1
34.112,14.551,1.307,1,108.288,0.583,1
49.06,21.264,1.168,5,108.354,0.813,0
64.327,22.406,1.57,3,108.401,0.486,0
35.214,21.558,2.435,5,85.52,0.497,1
57.561,11.395,0.502,4,173.643,0.637,1
42.046,19.195,2.425,2,116.954,0.642,1
38.107,20.913,4.263,2,92.734,0.808,1
48.395,18.057,2.567,3,122.069,0.707,1
34.471,1.308,2.078,5,84.463,0.707,0
41.695,19.284,1.72,1,110.802,0.493,1
32.032,35.7,3.388,5,122.021,0.688,0
79.471,15.12,1.492,3,126.528,0.383,1
50.529,12.175,4.431,3,72.281,0.753,0
39.504,20.987,4.527,3,200.873,0.815,1
53.21,20.499,2.682,2,145.454,0.611,1
48.315,27.542,2.387,5,170.975,0.773,0
46.685,7.937,3.534,5,102.317,0.659,1
59.213,23.851,3.604,1,117.404,0.892,1
61.363,22.723,1.513,3,111.094,0.752,0
42.042,16.863,1.821,3,93.588,0.575,1
41.363,20.709,0.945,4,132.728,0.884,0
45.874,26.236,2.85,4,83.49,0.836,0
15.471,24.979,3.133,2,130.948,0.662,1
27.272,8.856,0.915,5,95.057,0.789,0
70.503,24.561,1.899,1,121.971,0.787,1
74.675,17.482,0.918,1,153.849,0.66,1
46.264,18.583,1.411,3,106.01,0.729,0
58.648,18.586,3.006,1,133.407,0.754,1
54.669,16.798,1.593,3,94.733,0.625,1
96.183,27.534,2.069,5,74.56,0.909,0
66.794,17.33,0.61,1,159.852,0.443,1
48.081,9.044,2.606,3,132.431,0.815,1
35.667,14.852,2.351,5,105.967,0.549,0
25.903,19.43,1.598,5,130.892,0.686,0
53.052,27.834,2.192,3,79.508,0.496,0
38.655,22.825,2.598,3,123.267,0.535,1
28.666,11.196,1.504,2,116.51,0.708,1
40.301,37.882,0.776,5,129.516,0.73,0
33.777,20.118,4.386,3,159.252,0.868,1
75.307,28.203,1.703,5,153.447,0.664,1
63.225,16.786,2.294,1,68.335,0.806,0
49.88,22.267,3.512,4,50.143,0.719,0
72.199,24.716,5.0,4,117.371,0.801,1
51.161,27.746,1.031,3,115.08,0.567,0
37.081,26.459,2.895,3,75.915,0.732,0
72.847,24.978,1.622,5,81.177,0.772,0
58.084,15.479,1.807,3,86.889,0.65,0
34.441,13.426,1.608,5,150.051,0.773,0
47.145,20.661,1.162,3,95.825,0.787,0
36.866,25.465,2.355,5,64.884,0.648,0
29.258,16.218,0.778,3,108.067,0.829,0
63.893,26.521,3.441,2,109.918,0.398,1
78.641,29.621,2.461,5,79.037,0.452,0
29.021,10.669,2.865,2,127.712,0.575,1
58.445,11.305,1.887,2,144.117,0.759,1
40.24,16.877,1.996,2,99.339,0.614,1
42.693,20.461,2.716,2,64.883,0.533,1
41.114,13.803,1.12,1,101.788,0.708,0
37.04,28.818,2.006,4,119.05,0.734,0
50.728,21.393,1.454,1,45.263,0.631,0
37.536,18.316,1.42,3,124.446,0.554,1
54.057,6.513,0.1,3,98.75,0.721,0
49.246,7.473,3.873,4,111.312,0.831,1
46.416,20.248,1.645,4,101.311,0.55,1
36.387,0.939,3.68,4,87.397,0.941,0
41.348,26.101,3.576,2,106.67,0.641,1
61.331,16.735,0.985,1,94.732,0.631,1
57.514,43.945,1.203,3,99.273,0.739,0
35.337,36.463,5.0,1,83.587,0.734,1
51.49,16.548,4.326,1,126.103,0.407,1
61.271,17.149,2.365,1,147.104,0.705,1
24.959,25.965,2.683,4,83.802,0.801,0
58.15,31.625,1.706,4,106.496,0.864,0
40.061,4.896,2.876,3,77.144,0.704,0
58.559,3.709,1.611,3,121.641,0.67,1
38.551,13.024,0.164,3,116.727,0.821,0
22.927,22.662,0.946,1,92.631,0.971,0
25.587,21.975,2.423,4,107.518,0.733,0
50.721,26.558,1.156,2,135.958,0.694,1
53.896,8.402,2.326,1,61.779,0.896,0
36.435,0.0,1.218,5,71.245,0.562,0
59.579,24.864,1.539,1,127.455,0.729,1
25.077,11.374,3.338,4,111.634,0.99,0
49.009,1.852,2.672,5,107.895,0.783,0
31.835,19.161,2.389,1,138.29,0.827,1
40.222,24.345,3.367,4,131.133,0.674,1
50.711,17.024,2.929,4,161.453,0.802,1
37.094,14.337,3.991,2,136.848,0.89,1
44.232,16.725,1.894,1,125.772,0.508,1
65.094,15.035,1.927,4,108.381,0.707,1
41.347,7.216,0.969,3,105.675,0.769,0
62.535,12.283,1.928,4,109.903,0.712,0
33.054,22.17,3.461,2,116.689,0.652,1
57.947,20.573,3.83,4,73.798,0.915,0
71.624,19.344,3.456,1,117.908,0.749,1
12.925,10.039,0.426,1,102.7,0.622,1
38.047,16.548,3.591,5,120.712,0.858,1
58.656,0.583,0.378,1,92.67,0.915,0
46.954,19.428,3.388,5,90.217,0.88,0
55.567,29.431,1.995,3,116.921,0.662,1
40.94,6.207,3.173,2,124.318,0.668,1
51.299,13.313,0.934,3,91.882,0.574,0
47.665,20.633,3.688,5,149.576,0.756,0
67.517,28.023,0.789,4,149.37,0.874,0
53.816,14.414,1.665,4,62.53,0.799,0
55.064,12.462,1.302,3,86.689,0.965,0
43.822,2.249,0.47,4,113.486,0.448,1
42.686,18.828,2.504,5,121.123,0.74,0
43.512,34.337,4.387,2,173.97,0.836,1
55.917,20.219,5.0,1,114.227,0.635,1
43.685,17.822,2.507,5,106.508,0.562,0
54.347,20.577,3.628,5,75.859,0.551,1
81.131,17.911,2.655,1,62.438,0.735,0
63.067,11.496,2.949,1,105.99,0.548,1
45.11,24.586,2.024,2,171.722,0.926,1
68.018,19.806,2.615,2,103.647,0.792,1
43.879,18.141,2.991,2,86.818,0.692,0
19.428,10.197,1.764,4,123.562,0.709,0
34.879,28.428,2.315,5,49.833,0.871,0
21.938,23.318,2.336,1,112.379,0.908,0
44.727,13.577,3.309,5,134.731,0.589,1
50.276,26.015,1.227,5,81.573,0.617,0
75.147,14.019,2.343,2,151.066,0.67,1
54.904,11.744,4.503,2,129.79,0.633,1
46.713,11.922,3.68,5,151.338,0.467,1
62.441,3.831,3.884,2,68.711,0.606,1
16.833,21.772,2.427,4,104.579,0.621,0
53.534,3.351,2.753,1,137.664,0.552,1
61.563,8.172,3.502,5,65.064,0.782,0
27.821,1.395,4.116,1,138.412,0.702,1
67.156,17.311,0.253,4,104.605,0.806,0
55.077,16.797,0.953,2,138.189,0.582,1
43.771,15.386,3.84,3,116.524,0.809,0
59.492,9.659,2.095,4,152.325,0.74,1
84.06,8.622,1.661,3,71.243,0.643,0
52.728,21.715,1.02,1,119.872,0.945,0
53.723,13.596,1.789,5,64.653,0.736,0
43.11,20.531,0.857,2,122.586,0.646,0
37.252,10.918,4.7,4,119.835,0.759,1
62.455,19.449,2.375,2,101.448,0.587,1
37.159,28.426,2.336,3,86.486,0.695,0
51.073,22.689,3.047,3,100.239,0.99,0
42.835,14.701,3.459,5,112.93,0.472,1
57.185,20.058,3.44,3,118.526,0.646,1
55.005,16.075,3.581,5,167.969,0.699,1
65.563,18.063,1.706,4,136.202,0.669,0
42.35,15.395,2.072,5,92.393,0.65,0
45.952,16.685,3.246,3,127.381,0.957,0
35.319,19.697,1.82,1,136.44,0.642,1
43.336,10.053,2.394,5,90.321,0.776,0
55.66,9.873,2.839,2,131.065,0.634,1
61.355,6.892,3.264,1,65.398,0.776,0
36.168,5.198,0.445,5,89.228,0.851,0
63.044,8.262,3.186,2,67.273,0.71,1
70.335,19.276,2.143,1,103.668,0.64,1
56.202,10.858,3.178,5,95.791,0.703,0
78.152,22.109,3.255,4,98.091,0.795,0
38.393,18.278,4.169,2,134.464,0.841,1
31.33,2.252,3.889,4,112.717,0.756,0
23.319,23.24,3.881,3,134.01,0.709,1
72.441,24.486,3.988,5,158.791,0.899,1
59.815,10.049,2.721,5,172.84,0.632,1
49.166,21.362,2.435,2,105.806,0.662,1
54.2,11.148,3.36,5,126.042,0.971,0
33.118,18.781,3.205,3,105.357,0.706,1
86.686,7.884,2.06,5,140.426,0.812,0
51.938,3.655,2.845,1,134.591,0.596,1
51.641,14.937,2.361,4,90.184,0.86,0
60.886,17.01,1.461,3,94.599,0.559,0
57.215,14.819,3.82,3,151.581,0.549,1
53.358,8.528,2.461,4,93.525,0.845,0
38.143,14.801,4.654,4,106.646,0.669,1
57.072,20.154,0.612,3,130.251,0.686,0
78.23,17.641,1.788,4,105.033,0.78,0
70.181,19.46,2.436,2,156.019,0.679,1
73.898,12.639,3.651,4,140.993,0.573,1
42.332,27.374,2.839,1,83.475,0.64,1
35.156,8.591,2.742,1,92.435,0.584,1
48.113,21.9,1.16,2,127.627,0.883,0
50.836,27.455,1.127,4,108.439,0.889,0
66.413,21.847,2.755,1,51.783,0.602,1
24.613,16.38,0.899,5,80.874,0.781,0
72.943,13.774,1.815,4,117.023,0.682,0
47.63,26.289,2.951,2,136.716,0.924,0
43.597,6.616,1.319,4,137.145,0.99,0
34.818,10.239,4.166,3,168.885,0.822,1
25.177,14.82,3.746,3,89.256,0.648,1
62.348,27.901,0.671,1,90.691,0.558,1
51.1,21.038,1.374,3,109.24,0.754,0
30.651,10.256,0.1,2,59.721,0.698,0
30.574,15.518,1.539,1,109.908,0.518,1
44.963,13.085,3.243,2,104.135,0.731,1
75.035,12.322,1.945,2,133.752,0.99,0
46.106,25.831,2.907,3,138.846,0.833,0
27.453,7.026,0.725,3,120.718,0.557,1
46.314,30.87,3.278,2,110.086,0.717,1
45.909,24.626,1.789,3,120.92,0.772,0
10.0,26.727,2.413,3,86.215,0.789,0
49.186,14.296,2.298,3,107.52,0.491,1
46.536,16.8,1.001,4,110.503,0.704,0
60.443,6.535,1.132,2,107.747,0.757,1
77.734,13.803,3.465,5,104.869,0.694,0
66.898,21.949,2.839,2,91.362,0.45,1
45.967,28.369,3.555,1,79.232,0.699,1
33.402,9.143,2.757,3,103.847,0.83,0
88.6,15.076,2.557,3,127.83,0.64,1
50.888,16.79,0.501,5,57.878,0.654,0
50.209,6.834,2.103,1,95.082,0.916,0
49.638,22.731,2.37,4,172.073,0.692,1
52.971,12.208,4.548,2,104.211,0.736,0
47.835,16.437,3.156,4,114.54,0.459,1
41.395,14.384,4.09,1,165.162,0.573,1
41.797,11.685,3.057,5,119.583,0.99,0
49.509,17.944,1.618,1,120.268,0.952,0
41.849,16.275,2.529,5,82.696,0.786,0
39.307,15.025,2.66,4,119.385,0.4,1
51.596,12.172,1.367,4,109.556,0.534,1
46.175,20.556,1.977,1,137.747,0.53,1
72.56,31.229,2.174,1,148.32,0.528,1
10.235,19.119,4.166,3,110.909,0.666,1
66.373,25.969,0.111,5,121.463,0.829,0
68.691,6.878,3.726,3,53.304,0.632,1
18.899,19.262,1.37,2,42.93,0.677,0
44.86,9.221,0.891,2,142.796,0.677,0
44.428,6.185,3.698,1,35.153,0.846,0
28.887,12.085,3.205,4,119.82,0.845,0
38.333,27.535,3.78,2,104.79,0.743,1
33.341,25.6,3.281,2,146.941,0.899,1
76.284,19.944,4.666,3,108.945,0.666,1
64.035,5.738,3.015,3,164.068,0.965,1
69.073,16.43,2.228,2,103.883,0.635,1
60.825,20.414,2.777,1,144.39,0.444,1
33.064,19.404,3.768,3,65.053,0.543,0
42.132,3.25,1.543,2,40.939,0.531,0
57.341,10.877,1.683,4,109.154,0.616,0
31.668,17.487,2.06,3,67.982,0.878,0
60.695,22.29,0.1,2,108.202,0.657,1
46.395,0.431,2.552,5,97.604,0.53,0
44.378,16.703,0.325,3,128.154,0.516,0
60.664,19.144,2.458,5,78.069,0.712,0
56.664,24.797,3.352,3,122.74,0.933,0
44.586,23.543,1.875,3,135.918,0.751,0
67.39,22.661,4.245,5,103.829,0.852,0
33.784,11.6,0.793,1,124.347,0.776,1
59.239,2.736,3.71,2,80.643,0.506,1
58.897,14.856,3.143,1,98.52,0.804,1
45.357,26.013,0.512,1,69.738,0.561,0
54.892,29.148,5.0,2,180.163,0.662,1
31.233,23.684,2.33,4,146.864,0.619,1
63.86,21.435,1.435,1,159.804,0.705,1
47.226,21.037,0.852,1,146.433,0.685,1
42.159,13.551,2.158,1,90.105,0.667,1
65.735,16.96,2.26,4,63.964,0.681,0
39.435,31.353,2.513,3,97.278,0.757,0
28.873,10.46,2.072,5,124.259,0.681,0
26.651,30.918,3.097,5,101.292,0.696,0
59.09,15.424,1.974,4,42.956,0.99,0
30.794,28.603,0.272,1,132.412,0.866,0
76.322,6.745,2.236,5,62.054,0.65,0
18.771,22.687,0.1,4,97.33,0.735,0
75.447,12.106,2.789,2,162.314,0.724,1
53.165,6.678,1.323,5,111.472,0.731,0
48.549,19.748,2.58,2,142.3,0.717,1
41.826,26.076,3.845,1,120.405,0.732,1
55.987,11.24,1.356,5,79.733,0.685,0
49.435,6.008,3.567,4,131.88,0.634,1
66.55,17.265,1.923,3,108.103,0.666,1
51.713,17.301,4.329,5,65.425,0.477,0
52.255,22.387,1.998,5,60.39,0.817,0
44.546,25.597,1.475,5,121.498,0.787,0
49.146,17.525,3.156,5,174.24,0.99,0
54.617,32.844,1.921,4,77.712,0.553,0
24.347,19.794,1.474,4,81.291,0.663,0
29.777,15.229,1.874,3,121.934,0.883,0
61.149,5.107,2.351,4,70.582,0.77,0
52.563,15.899,3.876,4,180.621,0.948,1
47.24,15.309,0.273,1,84.03,0.927,0
50.277,25.682,2.425,1,95.032,0.38,1
55.214,21.7,3.087,2,85.864,0.756,0
41.904,8.565,2.613,3,138.043,0.757,1
38.325,19.378,3.841,1,174.867,0.717,1
52.938,23.372,2.318,3,88.903,0.659,0
35.324,30.224,2.197,3,135.997,0.939,0
56.124,25.1,3.052,5,70.823,0.716,0
24.461,24.087,2.509,3,138.778,0.281,1
65.437,18.481,1.971,5,162.751,0.658,1
57.089,21.106,2.968,2,153.571,0.99,1
53.84,27.996,1.682,2,113.985,0.564,1
64.74,7.338,1.728,2,79.016,0.89,0
74.982,15.204,1.819,5,110.023,0.866,0
65.216,11.819,3.888,5,100.673,0.684,0
22.387,21.033,0.1,2,96.599,0.746,0
30.806,27.842,2.835,5,116.196,0.71,0
40.628,13.224,2.438,4,108.004,0.646,1
50.391,0.0,0.551,4,131.235,0.626,1
57.765,14.702,2.741,5,131.43,0.919,0
39.114,25.308,2.923,5,108.116,0.696,0
52.802,22.301,3.049,1,122.968,0.612,1
38.669,21.425,0.1,1,149.642,0.797,1
40.827,15.76,3.903,3,94.052,0.78,0
28.9,7.768,1.588,3,110.477,0.511,1
36.152,22.122,3.155,3,79.149,0.63,0
29.725,11.326,3.215,2,124.396,0.482,1
35.362,35.473,1.436,4,115.955,0.99,0
65.805,22.564,3.127,2,123.826,0.669,1
35.759,13.355,1.976,5,80.334,0.625,0
89.486,13.109,0.121,1,132.967,0.65,1
57.4,17.256,3.685,5,113.061,0.614,0
52.773,16.084,1.547,5,140.885,0.694,0
37.125,26.935,1.46,1,96.868,0.893,1
60.505,19.491,1.957,5,130.472,0.734,0
41.365,12.147,2.699,3,123.351,0.526,1
51.83,33.124,2.337,1,155.74,0.559,1
88.401,18.394,3.003,5,106.511,0.744,0
48.559,24.151,0.927,3,93.354,0.603,0
67.239,13.134,1.583,3,95.186,0.693,0
39.452,20.905,2.272,4,76.75,0.99,0
49.475,20.489,4.488,3,94.908,0.579,1
76.562,2.883,2.275,2,39.782,0.518,1
40.595,34.122,3.594,1,151.063,0.616,1
77.187,28.325,2.442,1,168.021,0.468,1
60.616,14.822,1.868,1,105.572,0.9,0
41.563,9.182,2.129,5,123.143,0.558,1
59.486,20.78,2.215,5,114.92,0.584,1
64.588,18.694,3.064,2,70.608,0.533,1
59.327,20.845,3.912,3,140.788,0.483,1
26.447,19.533,2.796,5,145.264,0.712,1
39.093,22.05,3.706,3,78.77,0.615,0
46.287,29.578,1.339,3,119.897,0.467,0
48.883,22.545,1.944,5,102.117,0.668,0
59.31,9.603,1.603,5,145.698,0.771,0
52.666,28.901,2.746,2,107.514,0.658,1
29.97,31.125,2.005,4,108.326,0.804,0
55.703,43.216,3.203,1,164.626,0.958,1
59.159,9.012,1.376,5,71.438,0.834,0
58.397,19.943,2.447,5,117.442,0.75,1
66.212,1.343,3.156,3,112.66,0.834,1
62.509,22.425,0.128,4,91.892,0.99,0
56.888,13.614,4.734,5,171.195,0.518,1
48.948,33.388,2.089,4,120.096,0.809,0
25.086,11.803,0.172,1,130.153,0.58,1
56.444,4.487,2.574,3,134.438,0.754,1
53.115,14.23,2.437,2,100.374,0.535,1
54.074,2.196,2.31,1,147.253,0.826,1
30.849,24.009,3.49,4,141.216,0.759,1
33.784,1.479,3.222,4,106.337,0.93,0
65.797,18.228,2.728,1,138.148,0.682,1
49.407,1.378,2.895,4,147.198,0.678,1
60.223,15.438,2.285,2,133.853,0.679,1
50.425,31.147,4.353,2,84.943,0.99,0
50.446,20.885,0.773,4,107.229,0.809,0
64.074,11.092,2.554,4,124.261,0.908,0
42.259,17.75,2.472,2,117.564,0.821,0
51.442,18.144,3.295,4,87.645,0.843,0
43.066,21.781,1.472,5,101.403,0.513,0
43.483,7.065,0.482,3,120.556,0.642,1
45.362,22.741,2.573,5,64.724,0.633,0
53.332,0.0,2.709,4,110.58,0.728,1
42.819,12.961,4.039,4,130.899,0.706,1
68.836,14.094,1.003,3,118.488,0.495,1
36.581,23.067,3.67,4,84.276,0.726,0
47.197,18.181,5.0,3,89.555,0.438,1
43.404,6.755,1.984,2,154.61,0.829,1
71.705,10.12,0.98,3,81.871,0.735,0
52.948,19.589,1.952,3,145.57,0.894,0
65.478,17.367,2.415,5,91.361,0.75,0
27.717,13.367,3.02,4,143.905,0.655,1
54.006,14.153,1.749,2,126.233,0.499,1
63.344,23.569,4.111,1,99.559,0.665,1
51.234,13.858,1.174,3,57.004,0.61,0
65.982,17.295,0.487,1,121.957,0.772,0
42.241,35.359,3.617,4,115.447,0.661,1
71.14,6.611,0.1,3,122.417,0.805,0
84.483,3.185,2.175,1,126.182,0.91,0
44.557,24.269,5.0,5,70.576,0.522,1
43.317,12.571,2.387,1,121.798,0.72,1
71.801,15.454,1.167,5,132.276,0.713,0
73.694,11.751,2.337,2,131.922,0.764,1
42.157,15.922,2.344,4,72.408,0.816,0
43.697,30.788,2.577,1,144.629,0.942,0
45.773,24.417,3.128,3,122.861,0.565,1
29.833,24.898,1.257,4,126.666,0.5,1
36.22,6.67,4.256,1,83.129,0.746,1
34.938,8.791,2.67,3,132.713,0.783,0
38.483,0.0,3.199,3,58.283,0.821,0
49.48,11.525,1.709,3,84.554,0.613,0
53.513,25.654,3.815,3,147.998,0.499,1
73.258,22.136,2.117,1,131.258,0.891,0
35.025,16.228,2.705,2,118.745,0.792,1
64.765,17.822,1.374,5,138.311,0.667,0
46.79,12.489,1.303,5,140.396,0.42,1
49.258,19.638,3.157,5,132.737,0.626,1
60.122,24.127,1.912,2,103.477,0.817,0
33.159,5.073,1.461,3,83.659,0.781,0
55.736,20.397,1.692,3,90.098,0.527,0
52.497,25.459,3.169,4,152.318,0.807,1
57.387,14.679,1.708,5,71.735,0.708,0
54.338,23.606,2.271,5,124.725,0.897,0
86.83,40.517,2.417,3,124.771,0.622,1
40.434,17.165,0.291,5,154.042,0.634,0
42.035,21.146,0.782,3,124.687,0.736,0
40.653,12.096,2.77,3,97.303,0.662,1
41.668,19.45,1.589,3,97.776,0.598,0
40.439,21.682,3.562,1,109.827,0.978,0
67.835,19.559,3.463,1,143.98,0.919,1
71.308,9.842,3.191,1,134.196,0.586,1
41.439,19.651,4.402,1,77.429,0.751,1
37.515,29.698,2.309,2,118.36,0.506,1
57.071,21.589,3.114,4,134.758,0.958,0
41.717,25.696,1.757,4,102.885,0.826,0
59.494,16.104,5.0,3,45.201,0.861,0
53.044,23.999,4.582,5,104.106,0.685,0
27.264,20.234,2.413,1,65.446,0.884,0
73.213,10.393,2.825,4,60.696,0.885,0
76.938,20.548,3.895,4,141.955,0.697,1
40.808,10.066,2.238,1,185.631,0.559,1
44.184,12.937,1.678,2,150.929,0.781,1
54.288,19.515,3.361,2,31.682,0.702,0
55.017,20.378,2.486,4,104.81,0.979,0
59.878,8.486,2.601,2,92.309,0.727,1
80.153,26.432,1.482,1,65.872,0.735,0
47.346,22.576,0.511,4,123.946,0.833,0
38.026,12.362,2.66,1,104.456,0.72,0
29.31,5.699,3.395,2,75.077,0.817,1
39.036,16.841,2.152,1,48.31,0.645,0
49.503,14.432,3.98,2,91.733,0.563,1
76.918,18.905,1.626,2,110.237,0.592,1
42.236,15.095,1.24,1,106.447,0.673,0
53.357,1.94,2.326,2,141.883,0.737,1
49.754,14.893,2.309,3,120.14,0.79,1
67.826,15.555,3.247,1,99.661,0.784,1
87.904,23.069,1.548,3,85.483,0.721,0
42.037,12.414,3.905,1,56.872,0.57,0
42.658,31.429,4.564,2,77.262,0.818,0
65.662,2.707,2.357,2,150.75,0.51,1
60.228,28.489,3.775,4,135.94,0.557,1
77.701,16.205,1.238,4,118.663,0.726,0
58.759,24.877,3.583,3,95.178,0.832,0
44.611,18.638,3.552,2,147.231,0.808,0
58.86,27.116,3.35,4,79.667,0.706,0
66.631,14.901,2.383,2,80.01,0.782,0
62.307,9.211,0.1,1,107.196,0.571,0
57.609,29.364,1.694,4,44.506,0.641,0
66.0,17.092,1.711,3,78.816,0.643,1
67.539,19.772,1.324,4,102.913,0.584,1
70.732,27.878,2.534,2,96.163,0.67,1
59.731,9.744,1.939,5,80.352,0.691,0
47.493,22.764,1.493,5,171.062,0.655,1
52.201,13.281,1.235,2,150.898,0.684,1
68.098,16.943,1.613,1,161.438,0.319,1
37.746,18.578,3.634,4,107.029,0.774,1
55.53,5.998,1.673,5,95.342,0.663,0
44.1,11.769,1.834,1,158.05,0.663,1
50.431,28.809,1.898,2,112.556,0.526,1
69.177,25.09,2.773,1,78.185,0.937,0
52.866,17.499,2.902,2,80.269,0.944,0
50.697,19.945,0.1,4,100.267,0.486,1
29.602,15.646,3.524,1,109.339,0.687,1
61.194,28.853,3.98,4,112.444,0.85,0
59.682,16.397,1.245,1,104.492,0.67,1
82.449,19.855,1.33,2,180.188,0.635,1
45.383,27.168,1.905,2,69.406,0.626,0
53.287,11.781,1.568,1,130.181,0.764,1
53.741,30.47,2.646,2,95.676,0.99,0
73.662,5.756,0.259,3,108.836,0.836,0
48.571,31.037,1.17,3,138.215,0.565,0
54.185,15.019,4.093,4,56.518,0.632,0
59.118,16.058,1.379,3,81.624,0.683,0
52.799,2.88,3.768,3,105.99,0.6,1
43.303,14.362,2.791,5,154.288,0.574,1
52.911,9.682,0.41,5,154.129,0.825,0
66.104,13.139,3.099,5,148.319,0.65,1
34.602,16.902,2.271,5,44.198,0.772,0
51.995,25.662,1.899,2,78.507,0.97,0
39.498,19.661,2.669,4,79.741,0.647,0
67.926,20.461,2.922,4,108.343,0.758,0
27.152,9.236,3.178,3,54.409,0.577,0
41.616,10.954,3.696,4,142.937,0.778,1
55.658,32.39,2.849,3,50.168,0.902,0
73.483,12.118,0.887,4,140.976,0.895,0
49.014,31.25,1.879,1,136.125,0.726,1
41.672,16.056,5.0,1,77.168,0.647,1
78.217,18.018,3.197,4,147.859,0.753,1
28.28,26.563,5.0,2,100.004,0.727,1
17.018,28.175,3.935,3,92.219,0.785,0
56.6,17.113,2.666,4,97.357,0.631,1
42.469,14.894,2.732,3,99.93,0.664,1
34.682,17.553,2.36,5,102.69,0.689,0
60.625,20.704,0.488,4,103.371,0.813,0
53.657,25.13,2.42,2,83.291,0.832,0
41.539,18.034,3.732,5,90.254,0.66,0
30.795,22.951,1.74,4,92.852,0.559,0
63.087,31.107,2.853,1,160.182,0.771,1
59.753,21.05,3.337,4,92.865,0.822,0
48.512,20.493,1.399,1,90.939,0.701,1
77.7,5.849,1.904,1,155.49,0.62,1
33.949,0.0,1.28,4,100.34,0.653,1
27.117,21.107,1.496,4,83.293,0.95,0
39.621,17.241,0.984,1,76.791,0.751,0
49.316,13.882,1.41,3,67.395,0.862,0
53.65,19.948,3.961,5,126.236,0.608,1
46.381,17.517,1.393,2,55.869,0.889,0
55.281,27.022,2.539,4,150.39,0.845,0
31.227,18.689,1.847,5,107.26,0.706,0
71.656,12.025,3.697,5,96.888,0.805,0
48.768,25.921,3.842,3,103.149,0.901,0
66.759,16.263,3.35,5,123.892,0.565,1
55.141,22.212,2.737,4,95.905,0.646,0
56.851,14.181,2.146,5,104.247,0.793,0
58.547,12.801,1.089,4,141.592,0.723,0
56.716,18.673,4.538,4,120.407,0.778,0
59.641,18.103,1.564,1,72.501,0.816,0
69.937,21.839,3.13,3,88.768,0.79,0
52.948,15.851,3.566,2,56.558,0.685,0
60.635,3.309,1.789,1,128.457,0.694,1
48.654,14.538,3.542,2,131.66,0.938,0
71.602,24.351,3.241,4,81.969,0.732,0
39.854,15.621,4.301,1,179.146,0.91,1
77.014,16.029,1.884,5,183.137,0.919,1
49.398,25.891,0.986,5,110.684,0.611,0
28.538,12.304,1.844,2,86.079,0.823,0
51.922,5.658,2.63,4,118.214,0.569,1
39.784,16.715,2.464,2,85.369,0.946,0
62.61,14.127,1.967,3,138.501,0.746,0
40.211,10.27,0.3,5,114.991,0.74,0
43.307,16.597,2.918,1,117.148,0.599,1
21.657,21.932,4.57,1,162.775,0.635,1
43.215,17.926,2.911,1,91.429,0.752,0
13.642,20.456,3.07,5,92.63,0.733,0
26.241,32.507,3.03,4,135.751,0.666,1
61.406,15.257,2.837,5,97.34,0.843,0
61.787,20.227,3.425,5,158.115,0.72,1
56.382,13.926,2.835,1,140.015,0.579,1
35.495,11.229,2.056,5,98.859,0.821,0
49.284,13.321,1.524,1,55.653,0.558,1
49.946,14.17,2.126,4,66.433,0.451,1
32.625,20.876,2.746,3,95.547,0.733,0
72.551,36.793,2.052,1,122.141,0.576,1
63.16,12.272,2.746,2,143.068,0.745,1
46.686,14.667,2.883,3,103.481,0.834,0
50.403,17.495,3.316,4,83.333,0.858,0
53.126,21.166,3.811,3,105.778,0.79,0
19.374,20.108,2.486,1,110.611,0.534,1
46.292,28.273,0.961,4,149.148,0.619,1
39.77,0.0,2.02,2,147.483,0.721,1
34.976,0.0,2.448,1,79.943,0.722,1
45.783,14.033,0.381,1,123.623,0.588,1
76.965,26.778,3.928,4,84.385,0.655,1
59.613,5.475,2.557,4,85.232,0.833,0
41.432,0.0,2.819,3,141.16,0.791,1
58.589,22.569,3.902,2,104.021,0.677,1
70.99,19.949,1.707,3,129.196,0.864,0
63.87,9.278,3.031,3,126.042,0.534,1
50.894,10.116,2.279,1,107.615,0.835,1
40.296,10.242,2.198,4,119.99,0.816,1
60.473,18.884,1.551,1,116.116,0.825,1
55.902,12.989,4.232,2,75.487,0.762,1
63.428,21.953,1.987,3,124.62,0.629,1
59.528,0.0,3.169,2,88.82,0.803,0
65.743,11.145,0.337,4,77.927,0.662,0
41.971,8.992,3.698,4,135.639,0.749,1
69.761,15.949,3.557,5,92.26,0.618,1
52.964,13.696,2.507,2,143.321,0.672,1
81.129,24.383,2.15,1,142.951,0.7,1
39.662,3.125,2.84,2,95.697,0.776,0
76.039,18.364,4.918,3,142.05,0.799,1
52.969,22.467,0.46,4,98.32,0.957,0
40.229,32.853,3.26,4,107.948,0.741,0
42.742,14.146,1.397,2,124.814,0.587,0
45.195,20.596,2.378,2,171.182,0.832,1
56.362,3.569,2.127,2,138.227,0.767,1
57.843,0.0,1.929,3,108.266,0.693,1
41.394,24.758,2.388,3,113.099,0.664,0
49.635,17.956,1.152,1,62.506,0.633,0
82.134,27.428,3.532,2,140.144,0.629,1
75.913,7.013,0.426,1,136.92,0.549,1
56.545,22.159,2.994,5,118.505,0.855,0
50.57,32.951,2.041,3,131.533,0.781,1
51.8,21.358,1.112,4,49.244,0.733,0
59.203,20.213,2.623,5,77.547,0.633,0
34.658,18.068,0.687,4,164.044,0.873,0
46.139,5.433,2.444,5,102.268,0.521,1
24.971,28.845,0.835,1,132.723,0.702,0
55.988,13.113,2.907,1,87.601,0.858,1
59.708,22.036,1.383,3,96.735,0.441,1
42.752,5.496,1.904,4,165.64,0.745,1
73.61,8.564,2.723,5,105.276,0.628,1
31.614,29.481,1.55,2,125.707,0.737,0
28.034,15.222,2.336,2,113.914,0.668,1
53.367,29.626,0.735,3,117.393,0.803,0
65.706,17.374,3.094,4,116.367,0.893,0
75.259,3.265,4.341,2,50.672,0.99,0
43.117,25.137,5.0,3,124.312,0.704,1
66.18,13.281,2.5,3,93.871,0.823,0
49.422,23.59,3.267,4,163.387,0.768,1
47.411,18.202,0.441,2,86.821,0.778,0
63.255,5.655,4.053,2,95.852,0.927,1
59.785,19.314,3.254,2,183.383,0.624,1
26.354,35.57,1.868,1,131.702,0.67,1
72.148,21.944,3.761,2,80.497,0.695,1
70.701,17.54,2.12,5,115.292,0.582,1
40.617,26.603,1.896,1,73.388,0.72,1
55.937,19.685,2.923,1,117.728,0.812,1
57.41,19.676,1.23,1,85.869,0.836,0
53.91,9.267,3.524,1,165.945,0.694,1
41.745,19.871,1.238,3,122.627,0.88,0
39.926,26.284,1.245,5,125.827,0.43,1
49.617,11.312,1.399,4,138.493,0.99,0
67.591,29.396,3.235,2,141.849,0.799,1
58.154,17.266,1.722,1,89.328,0.66,1
44.441,10.898,0.917,4,112.849,0.785,0
61.575,25.981,1.734,3,96.636,0.699,0
10.0,15.706,2.365,4,172.822,0.428,1
67.231,24.076,1.101,1,41.442,0.727,0
23.904,15.666,1.133,5,92.747,0.848,0
44.563,17.521,4.722,4,107.601,0.855,0
33.205,21.948,1.453,1,114.108,0.755,0
30.58,20.327,2.045,1,113.496,0.854,0
67.412,2.036,1.996,2,108.615,0.781,0
42.984,9.03,1.937,2,105.127,0.751,1
55.198,25.435,3.083,5,117.239,0.624,0
49.296,16.943,3.443,2,123.845,0.671,1
57.156,13.81,2.063,5,163.721,0.684,1
51.152,7.131,1.04,3,163.456,0.76,1
30.755,9.362,3.802,3,119.03,0.832,0
64.944,1.826,2.295,2,95.14,0.634,1
42.594,17.19,4.303,3,97.238,0.525,1
26.651,13.212,0.1,4,70.577,0.922,0
43.578,10.267,2.615,4,138.597,0.584,1
72.511,17.455,4.51,4,108.658,0.789,1
62.753,20.912,2.011,3,123.118,0.755,1
44.77,34.746,2.152,4,120.012,0.672,0
44.761,5.905,2.725,5,89.071,0.805,0
45.175,27.275,1.785,1,85.368,0.551,1
81.151,25.785,2.057,2,96.413,0.948,0
55.729,11.767,2.028,5,124.572,0.99,0
56.451,19.626,1.71,4,107.577,0.892,1
65.454,14.339,3.752,1,57.041,0.607,1
53.582,19.486,2.907,2,79.276,0.394,1
46.114,30.073,2.676,5,101.979,0.787,0
47.055,22.845,3.289,2,109.088,0.539,1
48.926,22.069,2.109,3,125.464,0.662,1
49.442,14.558,1.548,4,111.178,0.933,0
60.914,6.128,1.737,5,99.119,0.947,0
50.779,16.332,2.402,5,98.087,0.962,0
60.99,27.653,1.235,1,116.044,0.734,1
48.789,5.783,1.85,1,122.541,0.846,1
51.18,9.559,1.832,1,100.106,0.441,1
20.027,19.01,4.737,2,77.669,0.51,1
63.745,10.123,0.1,4,107.042,0.68,0
55.197,11.66,2.202,2,90.504,0.838,0
64.97,14.611,4.298,4,118.627,0.66,1
10.0,7.075,2.534,5,154.422,0.832,0
81.326,10.207,3.229,2,69.453,0.559,1
47.906,23.627,2.51,2,144.521,0.734,1
66.623,7.541,1.666,2,124.071,0.797,0
34.401,5.217,0.1,3,143.085,0.826,0
59.192,12.96,2.626,4,96.928,0.657,1
34.199,23.856,1.547,4,66.619,0.724,0
40.643,16.425,1.52,2,115.391,0.504,1
78.71,14.283,1.851,3,151.991,0.705,1
47.14,18.355,4.319,2,78.184,0.871,0
53.261,4.034,5.0,4,82.691,0.683,1
63.051,21.958,2.639,5,127.616,0.615,1
57.435,21.067,1.889,3,94.634,0.829,0
52.256,14.726,1.105,3,159.983,0.99,0
55.474,26.047,2.915,2,129.562,0.99,1
86.051,8.98,4.361,5,88.423,0.757,1
49.136,27.023,2.128,4,93.061,0.828,0
53.016,19.236,0.1,1,94.247,0.949,0
65.76,15.308,3.137,4,108.712,0.754,0
66.583,17.841,3.484,4,119.134,0.785,0
67.805,17.142,0.656,5,116.943,0.675,0
59.581,27.762,2.594,3,76.259,0.99,0
32.855,9.387,2.896,4,137.056,0.821,1
74.501,11.9,2.32,3,101.298,0.683,1
32.805,26.29,1.53,5,82.174,0.639,0
54.54,13.236,3.518,5,96.109,0.46,1
38.686,25.204,1.956,2,140.429,0.499,1
49.038,31.595,0.766,1,115.71,0.618,1
54.931,14.786,0.146,5,118.327,0.85,0
54.82,23.451,3.787,5,74.9,0.766,0
56.329,8.77,3.078,3,113.967,0.544,1
74.206,24.038,2.497,5,139.926,0.59,1
56.803,19.595,1.916,4,55.911,0.759,0
46.338,21.784,1.818,2,98.332,0.954,0
64.461,12.835,1.217,2,128.695,0.566,1
67.842,4.711,1.925,4,114.747,0.784,0
31.586,22.026,0.1,5,79.436,0.658,0
58.961,1.493,1.59,1,121.948,0.662,1
60.518,15.461,2.058,5,74.978,0.556,0
45.537,25.529,3.071,2,83.974,0.808,0
70.636,19.535,2.356,1,87.123,0.652,1
47.749,33.587,3.274,3,156.302,0.671,1
51.884,26.201,3.884,3,59.909,0.858,0
47.404,12.769,3.564,5,62.123,0.865,0
50.234,18.219,2.918,5,118.5,0.618,0
33.556,17.621,2.413,1,113.144,0.762,1
28.399,5.343,1.321,1,95.902,0.847,0
73.918,10.477,3.214,5,110.415,0.694,0
37.296,13.514,4.248,2,78.064,0.814,0
35.129,1.71,2.776,3,112.764,0.675,1
17.699,18.38,4.509,1,116.288,0.672,1
40.416,16.007,0.722,2,146.441,0.589,1
30.154,4.617,1.13,5,167.218,0.96,0
74.63,21.234,3.341,4,101.972,0.652,1
65.147,23.727,2.691,1,71.801,0.608,0
39.678,19.816,3.845,4,121.549,0.574,1
83.787,15.407,2.383,2,105.986,0.732,1
64.726,22.732,1.445,3,104.657,0.578,1
45.128,23.442,2.165,2,61.668,0.62,1
12.509,20.459,0.714,3,112.958,0.832,0
84.364,11.403,1.159,2,122.686,0.783,1
29.156,20.213,3.47,1,139.802,0.532,1
25.319,27.564,3.36,1,94.835,0.821,0
65.339,13.227,2.799,4,85.239,0.725,0
86.596,34.784,0.507,2,94.596,0.879,0
70.764,13.795,2.006,2,138.01,0.919,1
58.459,18.259,1.053,4,151.583,0.495,1
58.921,12.62,3.694,5,143.63,0.827,1
62.801,19.786,1.758,2,129.431,0.949,1
61.384,4.062,1.206,2,109.035,0.749,1
54.218,13.632,2.433,2,113.712,0.816,0
51.563,9.263,1.696,5,118.086,0.751,0
49.061,19.083,4.032,1,102.436,0.857,0
38.691,25.956,1.592,4,136.675,0.774,0
45.79,23.168,0.861,5,60.417,0.437,0
24.606,0.0,0.1,3,65.968,0.703,0
48.525,34.337,2.366,3,60.364,0.694,0
35.171,20.362,1.782,5,85.934,0.82,0
33.446,11.788,0.828,5,150.386,0.885,0
52.698,19.257,3.708,1,74.331,0.688,0
70.88,19.41,3.134,3,75.436,0.549,0
63.775,12.665,2.369,4,85.239,0.763,0
26.442,19.583,3.901,2,143.225,0.611,1
35.156,13.14,3.129,2,153.059,0.635,1
64.112,14.765,1.495,1,140.452,0.99,0
35.263,12.51,1.257,1,142.311,0.625,1
46.631,6.539,3.3,3,159.557,0.501,1
58.251,19.167,2.836,4,56.105,0.805,0
35.475,22.682,2.587,4,73.253,0.819,0
51.581,22.119,1.469,5,88.978,0.843,0
29.99,24.559,3.069,1,113.112,0.838,1
40.979,20.595,1.569,2,113.015,0.74,0
54.797,13.738,2.288,2,113.483,0.742,1
26.105,24.717,3.992,3,135.027,0.852,1
56.607,7.14,1.673,2,52.465,0.945,0
49.705,10.795,0.67,4,105.79,0.543,1
58.287,10.286,1.242,4,117.968,0.635,1
53.359,26.64,3.494,1,100.235,0.808,0
70.462,25.542,2.68,3,115.674,0.756,0
51.878,21.898,2.258,2,140.666,0.469,1
43.559,26.575,1.84,1,111.867,0.64,1
51.834,10.966,2.934,5,174.134,0.762,1
58.149,20.789,1.466,5,138.527,0.722,0
50.733,16.999,2.736,2,117.984,0.67,1
50.609,24.775,1.596,2,125.112,0.99,0
39.47,17.078,1.413,2,132.3,0.717,1
40.056,14.92,1.699,4,160.563,0.752,1
28.961,22.327,1.987,2,145.229,0.739,1
76.244,25.009,2.346,5,125.426,0.75,1
31.342,12.653,2.659,2,88.14,0.725,1
39.606,17.511,0.1,3,122.448,0.428,1
39.224,9.532,1.512,5,127.368,0.581,0
63.424,0.0,1.969,3,133.336,0.676,1
45.576,19.604,4.056,5,87.983,0.834,0
68.716,22.871,1.212,1,132.142,0.678,1
39.898,20.097,2.579,5,134.015,0.604,0
54.185,2.404,4.045,5,73.704,0.852,0
37.47,15.193,0.956,3,73.957,0.909,0
82.177,0.253,2.833,3,143.54,0.505,1
32.186,28.958,1.518,5,84.345,0.734,0
54.647,9.312,1.845,5,156.132,0.346,1
59.507,28.043,1.517,4,101.632,0.676,0
56.207,25.567,1.595,1,121.546,0.984,0
47.221,10.795,5.0,1,120.089,0.733,1
48.053,8.938,3.329,2,88.566,0.527,1
50.657,20.803,3.612,5,151.714,0.53,1
47.795,11.245,2.941,5,101.661,0.589,0
64.458,18.82,0.633,5,111.764,0.626,0
83.158,14.137,2.834,5,50.535,0.455,1
41.638,3.751,3.58,1,69.908,0.766,1
29.453,0.156,1.461,3,143.814,0.796,1
48.676,19.813,3.462,4,109.834,0.671,0
88.696,13.508,3.175,3,92.433,0.99,0
37.945,13.575,4.437,3,92.915,0.66,1
74.587,23.567,1.94,1,126.458,0.888,0
75.166,27.388,1.193,4,147.811,0.526,1
41.696,15.82,2.002,5,93.148,0.762,0
58.535,15.275,3.979,1,142.876,0.783,1
74.426,22.001,0.389,1,105.198,0.621,1
44.313,7.145,0.125,4,125.019,0.743,0
46.946,19.785,2.498,2,56.749,0.619,0
41.275,22.415,1.913,1,61.89,0.676,0
34.779,23.442,2.409,3,134.603,0.68,1
40.261,2.506,3.44,3,118.248,0.523,1
31.641,11.909,1.792,5,122.11,0.793,0
50.511,10.974,0.34,1,77.637,0.803,0
38.45,18.799,4.649,5,97.333,0.668,1
53.507,21.846,1.303,1,59.833,0.754,0
26.662,29.974,1.235,4,84.577,0.591,0
54.963,14.04,3.614,1,109.314,0.545,1
62.503,14.019,1.977,2,119.835,0.664,1
20.094,27.197,2.33,3,88.612,0.817,0
55.611,20.373,2.931,4,126.565,0.709,1
68.415,28.141,3.592,3,108.852,0.659,1
31.855,20.31,2.033,5,103.222,0.767,0
75.089,8.743,4.072,4,112.509,0.592,1
56.285,7.335,0.1,2,172.989,0.548,1
39.425,5.588,3.236,3,105.17,0.671,1
49.163,23.296,1.477,1,138.567,0.601,1
58.375,27.509,3.909,1,126.389,0.553,1
51.14,32.795,2.556,1,102.555,0.847,1
58.081,24.745,1.66,4,63.491,0.99,0
36.19,27.303,3.129,2,91.183,0.502,1
52.54,13.36,3.383,2,112.292,0.662,1
28.794,8.749,3.106,2,106.857,0.744,1
48.332,24.801,1.267,3,148.899,0.479,1
36.441,21.341,1.868,4,87.995,0.689,0
38.967,18.86,2.396,1,105.596,0.699,1
68.541,21.099,2.355,3,126.091,0.787,1
66.37,20.585,3.225,2,101.656,0.612,1
59.137,28.271,0.184,1,139.21,0.641,0
33.615,28.36,2.768,4,77.373,0.856,0
45.254,22.354,2.081,5,64.407,0.779,0
68.196,24.766,1.478,2,101.407,0.822,0
52.126,22.113,1.583,2,107.869,0.474,1
84.79,14.311,2.164,2,116.543,0.626,1
55.9,24.053,0.1,2,114.154,0.932,0
52.881,6.844,1.629,1,97.748,0.708,1
45.363,26.431,1.437,4,64.761,0.702,0
52.003,8.444,2.986,3,106.439,0.708,1
47.713,20.286,1.514,1,78.823,0.94,0
60.622,11.239,2.163,4,112.117,0.616,1
64.351,22.427,4.097,3,76.76,0.814,0
38.21,17.729,3.494,2,121.376,0.757,1
30.032,5.242,3.392,4,160.037,0.529,1
22.457,21.366,1.85,2,88.221,0.678,0
57.62,13.377,2.997,4,72.047,0.603,1
33.45,25.049,2.143,5,144.335,0.542,1
17.707,18.011,2.184,2,163.01,0.887,1
55.829,21.163,2.851,2,72.633,0.549,1
87.395,10.339,1.743,2,107.254,0.825,1
49.909,13.285,4.042,1,124.603,0.599,1
62.577,14.331,2.224,3,102.192,0.91,0
51.227,24.854,3.08,2,57.452,0.661,0
48.517,31.419,4.001,2,68.813,0.767,0
63.786,11.559,3.535,1,71.966,0.641,1
45.646,26.615,0.85,1,78.797,0.417,1
54.011,0.643,2.889,5,112.606,0.487,1
54.825,8.446,3.336,4,142.932,0.454,1
39.979,10.33,3.381,2,69.276,0.756,0
64.881,7.18,1.175,4,86.423,0.716,0
47.376,5.331,1.677,1,76.701,0.803,0
38.664,21.304,3.494,1,118.652,0.625,1
58.048,16.287,1.562,5,85.342,0.416,1
36.523,21.035,2.07,3,79.678,0.902,0
50.423,23.524,4.133,1,62.088,0.859,0
49.863,20.125,2.347,2,150.791,0.772,1
66.288,23.262,1.601,5,175.687,0.876,1
57.12,17.444,1.435,3,112.525,0.706,0
49.625,8.504,2.766,5,154.568,0.757,1
62.266,26.463,0.934,1,92.993,0.621,1
70.853,13.287,2.128,3,109.973,0.57,0
58.367,10.515,2.767,4,129.538,0.499,1
50.155,16.577,3.829,3,87.447,0.615,1
30.322,10.698,3.134,2,105.216,0.99,0
34.023,14.661,1.615,4,101.513,0.507,0
45.422,20.752,3.696,4,123.132,0.589,1
40.857,20.787,2.071,2,111.862,0.736,0
47.195,10.817,1.041,4,88.178,0.99,0
50.85,14.098,2.211,1,100.973,0.573,1
57.945,26.595,3.982,3,143.442,0.632,0
48.943,21.971,2.582,3,126.466,0.814,0
57.298,34.601,2.414,2,123.855,0.806,0
50.967,27.441,4.201,1,177.68,0.623,1
20.368,27.154,0.826,4,76.072,0.603,0
35.91,6.897,0.986,3,131.293,0.783,0
47.839,24.111,0.623,3,111.644,0.677,0
31.855,17.575,2.81,3,120.314,0.76,0
58.999,13.592,2.583,3,115.468,0.696,1
72.961,19.344,4.097,5,88.955,0.769,0
68.281,25.562,2.668,2,78.948,0.784,0
46.798,22.007,1.955,4,109.995,0.447,1
72.361,10.972,2.402,4,86.535,0.655,0
52.23,23.94,2.529,2,98.912,0.767,0
44.944,12.899,0.561,1,133.945,0.833,0
40.799,19.733,5.0,2,73.193,0.674,1
45.463,15.573,2.972,3,104.249,0.462,1
44.177,16.249,2.631,3,141.635,0.895,0
52.556,24.13,3.077,2,94.785,0.84,0
52.409,9.678,3.18,2,154.084,0.735,1
50.046,33.562,2.245,4,63.476,0.655,0
56.554,3.431,1.706,4,164.582,0.804,1
67.86,13.219,3.059,5,110.54,0.656,0
64.243,20.962,2.824,5,70.141,0.843,0
27.727,22.675,1.509,3,134.995,0.972,0
11.691,17.196,3.961,5,122.925,0.652,1
64.015,17.541,2.723,5,151.464,0.829,0
29.497,21.284,3.203,1,63.919,0.628,0
46.629,16.151,3.931,2,77.117,0.864,0
32.448,29.145,2.424,4,133.102,0.685,1
22.97,24.715,2.749,5,186.486,0.923,1
58.122,24.983,3.291,4,127.257,0.681,1
61.387,10.271,1.603,5,131.903,0.594,1
41.352,17.365,2.459,5,87.162,0.673,0
11.134,15.596,2.538,3,104.545,0.689,0
41.806,9.955,1.348,1,91.405,0.753,0
55.877,20.881,4.949,2,125.07,0.674,1
27.816,13.699,0.852,2,137.886,0.754,0
52.75,23.243,0.972,3,115.572,0.757,0
49.77,9.438,3.846,3,133.863,0.66,1
58.689,31.752,3.185,2,109.138,0.766,0
51.794,10.829,1.271,2,149.74,0.638,1
35.404,19.754,3.068,1,84.153,0.99,0
67.949,24.335,4.015,5,152.478,0.762,1
47.622,13.435,2.367,1,88.516,0.806,0
49.59,24.82,5.0,2,110.492,0.693,1
36.001,8.167,0.504,5,74.171,0.619,0
43.351,29.617,3.163,2,125.179,0.837,0
36.728,18.113,3.683,1,113.945,0.766,1
47.406,13.229,3.38,1,132.159,0.354,1
75.676,15.607,2.175,1,57.986,0.99,0
29.421,24.471,2.081,5,114.016,0.823,0
25.797,13.324,2.889,4,122.104,0.667,1
72.068,12.005,3.297,4,80.343,0.805,0
46.86,16.228,3.063,2,125.99,0.779,1
39.964,8.584,3.544,5,41.085,0.789,0
65.599,32.564,1.279,3,106.168,0.598,0
40.916,13.469,2.149,4,152.375,0.73,0
77.39,24.653,1.366,5,105.909,0.762,0
60.169,19.676,1.975,5,88.428,0.892,0
42.681,10.124,3.517,4,108.061,0.734,0
82.36,17.952,2.519,5,112.972,0.78,0
40.914,24.272,5.0,5,136.891,0.593,1
61.131,16.494,2.613,4,113.897,0.729,0
54.489,27.545,2.466,1,132.861,0.841,1
69.526,26.172,2.517,2,112.762,0.624,1
73.423,25.351,1.698,3,87.52,0.666,1
50.48,14.323,2.336,2,67.944,0.585,1
38.699,9.361,3.641,1,121.15,0.53,1
56.9,13.091,2.525,1,35.863,0.599,0
39.834,19.57,1.527,5,57.044,0.799,0
80.201,22.366,1.382,2,68.059,0.686,0
52.048,0.627,1.905,1,131.439,0.6,1
44.52,17.935,2.481,2,65.306,0.99,0
52.77,19.265,3.713,1,124.104,0.622,1
29.793,15.78,0.925,3,79.041,0.807,0
35.426,28.33,2.048,1,105.606,0.767,0
68.006,21.374,2.559,2,108.122,0.755,1
40.147,28.482,0.383,5,105.156,0.464,0
34.296,16.272,1.483,2,90.601,0.898,0
58.05,25.5,1.652,4,63.009,0.765,0
67.786,31.081,1.524,2,110.805,0.849,0
60.784,28.494,2.611,3,126.73,0.879,0
64.941,9.263,2.223,3,130.376,0.96,0
38.648,15.971,1.789,3,112.454,0.58,1
28.673,15.239,2.871,1,117.728,0.619,1
72.52,21.914,4.295,3,86.867,0.639,1
45.16,23.491,4.203,2,123.484,0.599,1
46.238,11.289,0.285,5,122.38,0.905,0
69.923,18.543,3.035,3,101.066,0.58,1
58.343,1.841,2.204,2,111.443,0.667,1
56.838,29.536,2.571,1,109.196,0.492,1
82.475,13.901,1.962,1,123.696,0.822,0
40.347,18.447,2.529,5,63.685,0.702,0
63.918,15.523,2.567,5,63.089,0.844,0
50.855,27.168,1.763,2,64.646,0.818,0
54.029,0.0,1.414,5,96.657,0.49,1
72.927,17.867,1.906,5,123.659,0.746,0
57.618,17.153,2.658,1,42.62,0.567,0
58.074,14.371,3.059,2,112.82,0.74,1
66.088,31.81,3.339,5,145.813,0.638,1
44.526,10.901,1.856,2,118.195,0.977,0
37.412,24.174,2.712,3,49.433,0.99,0
34.328,20.85,3.459,1,125.632,0.686,1
20.505,28.092,3.682,1,117.268,0.734,0
80.843,12.662,2.335,1,99.721,0.4,1
33.452,12.136,2.157,4,115.453,0.49,1
46.681,26.769,2.61,2,68.124,0.774,0
45.848,21.403,1.135,3,111.53,0.715,0
54.611,5.641,2.187,5,124.358,0.779,1
62.236,13.686,3.219,3,89.212,0.608,1
62.907,21.091,3.106,2,95.875,0.762,0
41.254,24.702,2.103,1,92.971,0.366,1
47.493,12.566,2.639,4,95.742,0.635,0
54.239,0.0,1.493,2,85.096,0.785,0
46.27,22.186,3.174,2,86.881,0.958,0
74.11,8.237,2.314,5,125.483,0.704,0
57.365,1.861,2.096,3,57.719,0.803,0
61.023,0.0,2.002,3,115.49,0.626,1
59.943,24.512,2.331,5,125.424,0.782,1
67.602,19.029,1.907,4,69.419,0.651,0
52.715,16.195,3.124,1,107.703,0.99,0
30.548,29.112,1.965,1,82.504,0.674,0
55.995,23.099,4.152,4,144.09,0.696,1
40.23,30.93,4.012,5,103.831,0.828,0
42.071,6.858,1.419,2,154.194,0.79,1
58.795,17.724,2.477,3,149.668,0.669,1
68.574,5.066,1.684,2,119.22,0.777,1
50.319,16.165,2.041,3,174.281,0.572,1
54.632,16.011,4.603,2,62.766,0.752,0
75.533,23.013,2.062,5,153.363,0.797,0
53.611,18.365,2.796,5,101.958,0.661,0
89.025,22.987,2.995,4,106.199,0.668,1
58.483,23.628,1.299,2,96.163,0.632,0
23.589,35.239,1.459,2,66.498,0.519,0
61.3,15.478,1.073,4,127.088,0.778,1
55.717,10.472,1.425,4,72.779,0.653,0
69.346,19.969,0.1,5,92.27,0.798,0
60.098,11.582,2.999,5,93.598,0.694,0
47.923,29.856,4.66,2,139.867,0.806,1
31.636,15.734,2.563,5,107.79,0.48,1
46.865,13.475,0.842,5,36.688,0.56,0
37.242,14.229,1.693,2,83.029,0.602,0
41.292,23.747,1.895,4,63.136,0.888,0
58.829,16.738,1.281,2,125.074,0.776,1
75.049,12.867,3.346,1,74.513,0.683,1
55.92,31.323,3.291,2,91.825,0.653,1
32.062,11.151,1.129,1,162.51,0.803,1
56.669,18.285,3.198,2,129.103,0.638,1
67.949,23.218,4.079,1,75.062,0.823,1
40.853,4.949,4.493,1,134.751,0.69,1
47.99,21.842,5.0,2,88.465,0.901,0
50.22,9.559,1.408,5,134.676,0.588,1
38.227,24.582,5.0,3,97.63,0.702,1
59.724,10.299,2.01,5,81.199,0.591,0
48.186,23.542,1.748,1,78.396,0.948,0
56.293,26.847,2.76,2,118.629,0.723,1
36.688,24.891,1.76,2,137.391,0.579,1
43.438,20.011,2.839,2,121.172,0.594,1
60.836,16.15,0.948,2,97.021,0.792,0
44.408,13.389,2.137,3,56.08,0.465,1
75.904,29.768,3.814,4,90.819,0.695,0
44.005,12.404,2.337,1,72.439,0.601,1
53.37,9.703,2.556,3,151.057,0.698,1
63.989,23.323,2.923,5,98.045,0.734,0
28.725,11.631,3.688,4,119.011,0.706,1
23.588,10.399,0.579,4,99.69,0.683,0
27.115,6.451,3.043,2,122.891,0.743,1
68.939,14.137,2.105,3,131.545,0.965,0
41.722,17.338,2.583,5,179.854,0.898,1
88.373,19.945,3.566,2,96.322,0.673,1
41.536,25.61,1.086,2,141.293,0.822,0
52.768,22.215,1.286,1,118.338,0.815,0
73.132,16.473,0.271,4,92.656,0.667,0
80.091,16.414,1.796,5,94.798,0.716,0
80.923,22.081,3.863,4,124.127,0.795,1
68.125,28.181,2.267,3,101.102,0.618,1
65.361,19.011,0.926,1,113.148,0.686,1
58.888,14.247,1.866,2,129.939,0.692,1
61.675,10.057,0.763,1,184.859,0.682,1
41.732,6.438,1.162,2,110.975,0.677,1
37.727,23.33,2.828,1,76.155,0.782,0
49.949,22.624,1.109,2,121.94,0.724,1
47.447,22.619,3.624,4,95.479,0.81,1
43.202,16.971,2.322,4,166.808,0.99,0
60.446,29.255,2.494,4,95.087,0.645,0
64.33,14.127,2.094,4,110.552,0.75,0
51.326,25.642,3.25,1,128.687,0.791,1
72.163,17.69,3.261,2,124.739,0.873,1
32.875,13.133,2.769,4,151.706,0.781,0
47.095,22.74,3.021,1,130.025,0.567,1
39.248,21.277,2.167,2,180.288,0.627,1
22.002,20.856,2.996,1,123.485,0.741,1
48.76,18.65,2.028,4,148.973,0.623,1
48.174,17.697,2.402,3,95.922,0.513,1
72.702,37.107,2.098,1,169.245,0.607,1
59.462,27.474,1.897,4,99.569,0.608,1
34.637,23.783,1.642,5,154.581,0.579,1
77.811,18.894,2.914,2,136.758,0.99,0
68.316,26.057,3.842,4,112.0,0.764,1
58.731,22.144,3.688,5,154.87,0.736,1
46.603,18.21,1.018,1,109.64,0.849,0
35.608,15.571,3.818,1,151.052,0.972,1
44.417,17.353,2.05,5,121.341,0.774,0
66.331,0.0,3.061,5,98.684,0.862,0
78.269,19.685,1.403,2,119.608,0.65,1
73.149,14.092,2.556,1,111.023,0.593,1
42.667,30.741,2.745,5,96.725,0.847,0
33.206,18.155,0.767,3,116.99,0.845,0
52.113,8.488,3.069,3,122.111,0.831,1
23.473,17.601,3.881,5,36.364,0.738,0
54.848,9.631,2.208,2,125.041,0.611,1
47.786,21.787,3.896,1,132.233,0.653,1
43.009,20.328,2.191,3,153.549,0.882,0
26.079,25.663,3.335,5,72.92,0.637,0
57.704,11.673,0.1,5,79.475,0.746,0
42.009,18.272,5.0,4,116.278,0.612,1
32.451,7.08,4.045,5,88.612,0.693,0
10.0,23.612,2.087,2,74.307,0.569,0
49.587,22.151,0.231,3,97.598,0.71,0
76.584,21.966,2.717,4,99.205,0.653,0
74.919,18.013,0.812,3,79.531,0.481,1
43.144,21.318,2.889,3,79.33,0.812,0
40.967,30.835,2.853,2,106.36,0.805,0
57.032,15.719,1.364,5,66.541,0.728,0
35.024,19.109,3.633,2,66.058,0.563,0
54.527,9.311,3.286,5,112.145,0.565,1
61.491,11.054,3.473,4,155.169,0.99,1
68.404,18.783,2.41,2,131.991,0.353,1
48.498,26.831,0.843,2,146.679,0.567,1
46.945,15.95,3.476,1,55.848,0.99,0
36.83,16.113,2.103,2,67.742,0.99,0
37.597,14.745,0.871,1,110.32,0.958,0
46.603,13.722,3.887,5,135.087,0.794,1
55.51,20.36,4.709,5,129.141,0.631,1
63.704,6.022,2.355,5,69.675,0.484,1
37.952,28.248,4.775,1,144.071,0.777,1
72.39,12.677,2.5,5,107.56,0.613,1
45.933,23.775,1.981,3,133.332,0.923,0
49.679,7.84,1.706,2,91.848,0.461,1
38.792,23.351,4.201,1,63.688,0.748,1
13.636,23.376,1.542,5,135.375,0.85,0
63.261,21.074,3.209,3,124.089,0.862,1
61.053,10.045,1.785,2,72.631,0.837,0
45.78,19.996,1.894,2,89.955,0.768,1
51.005,8.536,3.533,5,130.583,0.738,1
57.739,15.978,1.982,3,116.181,0.847,0
26.562,26.235,1.955,1,125.051,0.768,1
42.064,24.374,3.646,5,94.269,0.772,1
61.914,18.121,4.157,2,152.694,0.725,1
31.186,10.202,3.109,2,106.665,0.666,1
54.403,23.165,1.68,2,38.976,0.531,0
29.651,18.155,1.838,5,113.208,0.555,0
56.996,0.0,2.488,4,128.148,0.666,1
49.465,24.261,2.753,4,118.912,0.703,0
25.773,17.806,1.313,4,97.201,0.585,1
67.471,27.62,3.195,3,51.388,0.574,1
38.981,9.238,2.494,5,90.501,0.669,0
37.846,0.0,0.513,2,93.333,0.846,0
53.009,20.233,1.378,3,90.224,0.423,1
67.23,20.333,1.845,4,128.359,0.589,1
34.763,4.475,2.32,1,99.997,0.743,1
50.925,10.172,4.478,3,151.45,0.9,1
56.432,40.042,2.662,3,103.233,0.99,0
60.397,15.555,1.475,5,146.477,0.672,0
52.647,23.848,2.643,3,116.434,0.67,1
44.495,12.795,2.013,5,117.914,0.701,0
37.586,1.278,2.757,1,89.514,0.752,1
51.292,16.638,3.039,2,69.481,0.714,0
33.918,15.875,3.73,2,107.8,0.736,1
10.0,14.801,2.373,4,160.605,0.533,1
56.548,17.083,4.203,4,96.239,0.487,1
63.559,20.114,3.399,1,91.479,0.82,1
14.556,16.799,1.622,2,104.842,0.693,1
34.854,7.888,4.831,4,163.046,0.837,1
59.287,21.889,2.76,3,133.608,0.751,1
80.862,2.405,1.481,5,146.428,0.519,0
50.312,1.597,4.218,4,50.59,0.937,0
39.08,23.913,4.686,1,85.261,0.724,1
47.257,22.056,2.364,2,86.302,0.615,1
70.623,17.541,1.846,1,144.083,0.645,1
40.311,6.836,2.21,5,129.796,0.55,1
38.012,12.337,3.186,5,141.677,0.767,1
42.759,15.898,3.806,1,53.732,0.704,1
35.7,5.233,3.028,4,143.31,0.99,0
51.84,12.088,2.512,4,129.78,0.793,1
74.37,23.219,4.048,2,82.277,0.99,0
54.846,29.418,2.056,2,104.092,0.585,1
46.215,14.645,3.534,3,83.192,0.674,0
45.623,24.052,2.083,3,107.102,0.845,0
26.552,2.688,2.874,2,123.481,0.802,1
63.247,23.276,2.275,3,152.127,0.718,1
48.832,11.568,2.339,1,81.817,0.569,1
47.293,20.459,1.985,4,95.924,0.415,1
97.897,16.018,3.879,3,76.912,0.689,1
54.481,28.563,1.594,3,132.997,0.695,1
38.723,11.005,1.586,1,62.733,0.738,0
43.605,23.021,4.733,5,115.31,0.518,1
67.227,15.764,3.476,2,73.226,0.597,0
51.699,16.734,0.1,1,111.374,0.775,1
28.426,16.529,1.778,5,144.677,0.802,0
63.788,11.235,0.407,1,94.662,0.748,0
39.978,17.887,1.354,4,116.626,0.671,0
78.099,17.499,0.1,1,83.205,0.554,1
66.201,19.93,2.249,1,106.627,0.854,0
43.29,18.676,1.144,4,63.263,0.822,0
69.215,24.384,2.466,2,131.231,0.64,1
51.018,25.388,0.612,5,97.536,0.837,0
62.792,9.595,2.491,3,103.735,0.71,0
57.271,24.95,1.944,2,112.076,0.624,1
37.305,8.509,4.052,1,50.998,0.85,0
40.347,22.703,3.952,3,89.233,0.734,0
65.449,22.958,3.264,4,114.057,0.66,1
44.978,2.709,2.041,2,105.202,0.54,1
43.945,18.744,4.584,5,175.32,0.553,1
35.673,14.252,0.692,2,147.762,0.839,0
56.354,11.93,0.856,2,114.188,0.783,0
80.938,28.807,2.308,3,79.325,0.556,0
33.987,12.771,4.879,4,95.152,0.554,1
50.363,11.549,2.177,4,129.744,0.99,0
71.183,18.606,2.198,2,112.299,0.785,0
48.805,23.485,0.814,4,148.283,0.889,0
56.786,16.867,3.441,3,112.061,0.929,0
34.064,27.331,3.448,3,113.475,0.59,1
56.425,22.248,3.268,5,158.726,0.964,0
47.193,0.574,1.708,4,77.103,0.569,0
64.786,13.764,1.623,5,162.016,0.822,0
67.811,13.505,0.978,1,133.089,0.704,1
88.843,21.835,2.492,3,207.064,0.821,1
58.694,0.0,1.212,2,88.957,0.691,1
54.887,38.392,1.105,3,158.882,0.797,1
52.916,22.248,1.934,1,114.016,0.911,1
44.703,19.191,1.862,2,104.432,0.877,0
55.077,27.453,1.808,4,119.147,0.711,0
45.569,36.749,2.913,4,113.756,0.587,0
52.527,24.966,2.487,3,86.633,0.678,0
69.764,25.591,2.083,2,106.051,0.782,0
34.902,19.046,2.601,2,119.213,0.811,0
67.098,16.868,1.309,5,97.245,0.87,0
69.757,14.194,2.516,1,126.213,0.618,1
48.229,11.391,2.566,4,101.125,0.589,0
18.172,12.504,0.747,3,123.75,0.577,0
40.883,7.196,3.495,2,120.131,0.692,1
69.455,17.393,1.43,4,123.54,0.75,0
49.657,4.523,2.499,3,69.539,0.772,0
35.01,19.527,3.681,4,142.912,0.522,1
42.428,17.709,3.418,3,84.019,0.587,1
62.609,19.175,2.438,4,104.424,0.622,1
58.201,13.823,2.001,5,90.625,0.966,0
46.416,42.615,3.442,1,112.14,0.667,1
44.498,28.881,3.142,4,106.666,0.513,1
44.124,8.044,1.72,1,129.536,0.773,1
36.164,19.863,1.526,4,111.316,0.705,0
74.231,13.136,0.12,2,98.249,0.556,1
45.165,9.884,2.569,5,56.078,0.654,0
68.257,7.279,2.309,5,136.53,0.672,1
72.82,21.458,3.65,1,125.526,0.703,1
64.975,12.549,2.795,2,137.754,0.85,1
43.526,25.743,3.868,3,104.438,0.798,0
56.056,25.95,1.633,5,120.708,0.738,0
49.637,28.991,3.652,2,90.398,0.858,0
36.444,11.181,1.818,2,87.656,0.663,0
54.865,21.803,3.255,1,101.492,0.618,1
32.314,23.06,0.795,2,137.654,0.763,0
67.815,14.207,2.659,2,101.757,0.752,1
43.031,11.826,0.217,3,108.377,0.513,0
53.017,30.876,2.106,1,117.273,0.929,0
54.249,19.82,2.884,1,110.76,0.577,1
46.116,23.088,1.827,2,140.43,0.794,0
58.8,11.423,1.245,3,87.558,0.797,0
42.876,8.246,3.331,4,112.992,0.288,1
63.069,13.444,2.286,5,124.227,0.752,0
29.81,17.008,1.861,1,60.732,0.949,0
51.896,9.486,2.446,3,117.981,0.621,1
79.084,17.921,5.0,3,150.261,0.454,1
34.995,4.492,3.669,2,99.485,0.704,1
39.834,9.04,3.679,5,77.449,0.785,0
57.709,23.367,2.879,1,124.011,0.708,1
52.694,22.83,2.583,4,115.385,0.587,1
55.259,14.865,0.1,2,155.673,0.576,1
57.338,9.858,1.653,1,123.13,0.493,1
59.521,9.781,1.871,1,81.694,0.458,1
66.645,15.014,0.338,3,80.338,0.672,0
56.147,23.156,1.127,5,135.795,0.779,0
46.381,25.426,0.221,4,120.707,0.742,0
60.089,14.028,2.358,5,108.253,0.755,0
78.498,8.772,3.301,3,115.172,0.808,1
48.01,20.143,3.617,4,123.258,0.903,0
35.382,11.412,2.856,4,121.185,0.724,0
66.606,13.854,1.34,2,64.836,0.768,0
48.194,28.602,0.275,4,146.501,0.769,0
17.41,24.617,0.467,1,148.508,0.741,1
62.711,19.264,1.004,5,164.304,0.723,1
41.97,7.825,1.422,5,157.778,0.734,1
48.642,19.691,2.224,2,152.676,0.939,1
54.98,26.501,1.284,4,101.405,0.921,0
52.857,14.995,2.773,3,119.041,0.481,1
60.642,28.809,2.144,1,145.01,0.751,1
43.468,28.342,2.412,2,55.977,0.721,0
57.697,31.31,3.654,4,103.44,0.896,0
46.107,20.442,1.102,3,58.839,0.715,0
61.082,22.699,2.861,4,118.408,0.755,0
59.231,29.313,2.385,2,147.974,0.629,1
35.968,21.579,2.033,3,110.564,0.834,0
66.29,13.99,3.374,3,92.923,0.546,1
41.961,14.412,3.367,3,118.495,0.677,1
62.121,19.908,1.359,3,122.374,0.572,1
55.509,7.676,2.2,4,124.488,0.678,1
77.573,16.854,2.709,3,73.552,0.643,0
46.648,26.772,2.1,4,117.305,0.837,0
44.76,0.47,3.044,3,115.525,0.689,1
49.709,30.276,2.709,3,138.449,0.929,0
45.452,26.979,4.416,2,107.732,0.686,1
61.999,14.322,0.717,4,169.227,0.568,1
25.755,22.347,2.265,4,112.47,0.686,0
34.195,18.025,1.401,5,95.658,0.787,0
33.983,27.84,3.065,2,79.907,0.956,0
64.255,25.861,0.621,4,94.584,0.63,0
75.659,6.799,2.781,2,86.03,0.952,0
48.433,22.698,1.707,2,105.319,0.693,0
47.468,16.355,1.592,2,160.602,0.658,1
51.051,18.663,0.809,1,66.221,0.829,0
67.428,12.175,1.888,4,68.327,0.919,0
36.09,31.985,3.593,2,102.961,0.798,0
53.576,26.32,2.372,1,69.112,0.522,1
64.628,12.082,3.09,1,80.542,0.767,1
57.516,7.323,4.231,3,120.175,0.99,1
52.844,14.915,2.69,3,108.422,0.401,1
65.016,21.476,1.785,4,123.155,0.772,0
10.0,19.922,2.914,3,127.732,0.68,1
60.168,28.025,1.801,4,150.278,0.589,1
40.189,24.319,1.845,1,121.371,0.865,0
22.541,25.757,0.728,1,146.149,0.477,1
57.668,20.615,3.419,4,113.212,0.671,1
70.605,6.886,1.975,3,121.713,0.86,0
47.938,16.434,2.6,3,121.326,0.844,1
64.293,26.481,1.26,4,118.537,0.804,0
74.184,17.588,2.88,5,116.17,0.744,0
69.724,22.025,1.562,3,164.63,0.703,1
74.599,15.45,2.244,2,130.943,0.654,1
61.132,9.762,3.366,3,96.578,0.584,1
51.132,17.013,3.27,5,180.303,0.834,0
25.971,20.472,2.376,1,98.688,0.75,0
46.309,12.754,0.455,1,109.843,0.838,1
37.351,16.114,5.0,1,85.081,0.611,1
82.564,10.484,4.32,3,131.513,0.608,1
47.362,26.954,3.195,1,160.707,0.79,1
51.848,15.644,1.571,5,65.265,0.401,0
58.272,29.622,2.275,5,101.679,0.366,1
50.654,30.23,1.802,3,143.498,0.862,0
75.426,17.352,3.79,2,78.22,0.621,1
40.66,9.932,2.689,3,127.231,0.747,1
52.919,1.313,1.537,1,70.957,0.773,1
38.863,6.224,1.882,3,122.238,0.865,0
30.2,7.009,3.633,5,112.335,0.658,1
40.823,29.028,4.16,3,209.527,0.666,1
49.444,18.927,4.081,3,132.334,0.634,1
43.56,21.117,3.233,2,44.827,0.807,0
39.614,0.237,2.122,5,107.758,0.813,0
28.905,8.416,0.1,4,134.729,0.899,0
48.753,25.097,2.727,4,97.605,0.545,1
27.429,20.294,2.398,5,96.303,0.99,0
61.401,16.822,2.554,4,97.768,0.676,1
51.237,22.519,2.459,1,126.415,0.713,1
28.137,31.086,0.941,4,72.342,0.743,0
45.362,16.232,3.013,1,93.154,0.592,1
38.718,18.555,3.095,5,140.989,0.662,1
54.788,19.541,3.151,4,95.388,0.924,0
70.107,37.137,3.441,4,93.593,0.927,0
21.872,1.205,3.064,1,68.709,0.749,0
51.725,23.466,1.949,1,129.377,0.866,0
47.598,17.082,2.322,3,122.763,0.778,0
60.07,22.534,2.5,2,139.171,0.712,1
53.198,12.741,2.518,4,106.612,0.614,0
38.72,17.608,3.498,2,119.473,0.599,1
45.214,23.691,3.108,2,119.221,0.614,1
38.06,42.903,4.685,4,67.25,0.946,0
66.14,24.464,4.827,1,180.603,0.842,1
50.32,11.215,2.488,3,139.342,0.922,0
78.518,14.61,0.1,5,112.37,0.776,0
49.09,14.373,3.761,4,103.274,0.597,1
39.374,3.635,1.806,4,149.719,0.804,0
27.294,15.359,1.518,5,112.878,0.898,0
22.953,23.863,1.962,2,137.409,0.81,0
26.238,7.806,1.909,3,92.659,0.536,1
54.007,26.388,3.073,2,83.737,0.514,1
57.631,21.902,0.685,5,105.148,0.809,0
26.282,12.126,1.215,5,110.317,0.676,0
63.426,16.868,2.777,3,122.706,0.764,1
42.754,30.787,3.085,5,154.007,0.619,1
52.202,23.868,3.106,5,143.361,0.738,1
74.183,18.07,1.534,3,149.54,0.566,1
63.453,16.099,1.324,4,88.022,0.755,0
45.972,18.613,1.843,2,101.152,0.822,0
36.632,13.906,2.664,4,139.04,0.83,1
17.723,1.162,4.034,4,146.448,0.537,1
39.213,34.337,0.148,2,132.256,0.786,0
46.833,19.243,2.157,4,93.119,0.638,0
35.192,21.185,0.934,3,78.751,0.934,0
48.031,17.537,0.583,2,116.989,0.854,0
51.153,12.119,3.464,1,83.248,0.724,1
46.627,16.513,2.999,4,123.819,0.99,0
40.25,5.205,2.894,5,147.521,0.618,1
52.53,36.217,3.413,2,115.673,0.712,0
56.629,8.124,1.872,1,70.825,0.796,0
33.644,9.744,1.924,5,94.721,0.99,0
71.164,14.478,4.804,1,135.94,0.925,1
48.521,28.305,2.129,4,124.218,0.832,0
50.283,18.116,3.209,5,126.617,0.597,1
60.623,8.111,2.407,4,163.069,0.597,1
53.498,28.035,0.367,5,120.472,0.817,0
64.297,23.848,0.151,2,119.526,0.545,1
54.307,22.307,1.763,3,135.7,0.765,0
40.813,23.726,3.562,3,74.805,0.833,0
55.423,37.155,3.267,1,96.647,0.513,1
32.844,35.481,3.405,5,87.845,0.811,0
51.628,12.506,1.314,4,129.647,0.845,0
49.502,30.991,4.177,2,82.427,0.669,1
46.878,21.065,1.339,2,126.903,0.698,0
48.072,21.993,2.634,2,103.497,0.47,1
21.772,4.462,2.389,3,99.315,0.705,0
41.769,16.637,2.209,4,137.355,0.506,1
51.393,11.497,3.872,2,70.035,0.623,1
52.398,24.624,1.624,2,95.339,0.664,0
34.585,26.569,0.915,1,197.886,0.558,1
68.986,1.404,2.422,5,165.513,0.545,1
37.007,17.824,1.96,5,55.568,0.552,0
64.542,26.975,5.0,5,94.773,0.891,0
56.408,16.507,3.144,1,111.884,0.71,1
40.307,23.833,1.95,3,67.664,0.897,0
76.63,20.809,1.238,1,170.541,0.663,1
32.095,20.733,0.332,2,110.887,0.666,0
63.787,15.829,1.272,4,104.422,0.661,0
65.009,8.267,2.526,2,121.432,0.303,1
39.941,9.028,3.97,2,120.954,0.791,1
70.887,23.675,3.634,4,84.369,0.705,1
46.249,18.156,2.652,5,149.459,0.727,1
54.33,16.892,2.045,1,114.861,0.427,1
53.905,14.609,2.696,3,149.262,0.716,1
47.985,15.558,1.829,2,92.731,0.659,0
62.162,26.375,4.29,2,56.122,0.738,0
61.902,15.318,2.192,3,153.119,0.709,1
23.772,7.271,2.305,1,132.212,0.652,1
69.565,23.949,0.1,2,145.046,0.799,0
25.063,16.361,2.185,3,146.892,0.863,0
65.488,18.251,3.32,2,110.579,0.663,1
66.901,30.861,1.226,5,98.992,0.517,0
33.636,17.836,1.574,5,107.25,0.526,0
43.838,20.313,3.272,2,126.543,0.779,0
33.414,8.569,0.776,2,118.311,0.901,0
46.776,16.243,3.564,5,55.125,0.466,0
45.379,22.876,1.815,2,106.445,0.577,1
61.695,5.557,1.973,1,152.417,0.673,1
69.655,19.607,1.164,1,109.961,0.434,1
70.935,18.806,2.816,4,176.736,0.706,1
41.567,18.33,5.0,1,81.169,0.771,1
46.862,26.297,3.26,2,120.456,0.787,0
24.748,20.676,1.449,2,80.44,0.664,0
37.912,29.825,3.649,3,84.333,0.67,0
64.473,10.051,2.052,1,84.612,0.577,1
74.234,19.087,3.912,5,176.29,0.472,1
31.485,18.676,3.287,5,102.436,0.694,0
41.113,9.446,0.1,4,88.921,0.777,0
49.604,25.65,1.296,3,109.919,0.722,0
54.202,36.597,3.439,5,103.328,0.875,0
37.856,17.864,2.567,4,134.344,0.768,0
56.361,22.04,1.274,1,48.822,0.812,0
42.892,18.676,1.703,3,81.362,0.743,0
49.783,12.291,0.303,3,135.395,0.98,0
58.194,3.434,2.303,2,95.341,0.651,1
50.096,12.354,4.832,1,87.351,0.815,1
43.454,6.864,3.285,3,86.009,0.755,1
48.356,31.633,4.809,4,131.709,0.823,0
48.675,17.079,3.371,5,130.399,0.767,1
44.45,15.233,3.53,1,138.729,0.714,1
46.118,25.113,4.571,1,75.119,0.773,1
73.98,9.026,2.815,3,73.345,0.79,0
58.414,11.865,2.194,3,144.12,0.809,0
45.568,18.545,3.536,3,116.154,0.925,0
60.454,26.23,3.999,4,91.822,0.747,0
44.993,22.013,1.872,2,105.285,0.566,1
67.597,19.987,1.606,3,72.97,0.743,0
55.545,18.625,2.553,2,94.112,0.658,1
48.39,21.202,3.315,2,114.776,0.654,1
56.716,19.613,3.278,1,120.634,0.675,1
26.437,9.76,0.833,5,107.377,0.594,0
33.098,18.369,4.503,5,104.309,0.384,1
32.091,9.41,1.695,4,131.998,0.927,0
52.144,18.649,2.108,4,106.959,0.652,0
75.988,14.155,1.407,5,96.587,0.48,0
83.47,38.315,5.0,5,87.131,0.745,1
59.571,17.681,2.666,1,56.972,0.806,0
57.513,6.766,1.464,1,129.498,0.695,1
22.984,16.927,3.35,5,153.908,0.54,1
41.86,22.155,3.246,3,85.205,0.522,1
38.183,31.387,2.194,3,71.898,0.99,0
40.687,13.284,3.325,1,91.318,0.523,1
47.478,5.341,1.492,2,118.716,0.492,1
42.919,24.535,1.858,5,94.841,0.677,0
20.311,6.955,0.189,4,94.319,0.835,0
61.219,14.511,0.944,3,107.512,0.952,0
33.909,15.939,4.388,2,113.024,0.69,1
53.589,17.443,4.206,3,121.048,0.688,1
81.111,23.513,2.472,2,101.145,0.54,1
36.209,12.531,4.229,5,100.611,0.872,0
12.046,15.81,2.224,5,52.34,0.71,0
45.71,17.886,2.132,5,138.071,0.715,1
66.514,19.197,2.462,1,117.571,0.781,1
79.375,18.783,2.263,2,155.332,0.762,1
31.557,21.488,2.163,4,125.333,0.7,1
57.45,24.751,3.658,4,107.792,0.905,0
43.02,21.141,2.565,5,65.42,0.495,0
48.411,21.629,3.184,4,60.987,0.75,0
89.665,5.342,3.535,3,141.45,0.777,1
27.455,18.402,2.827,2,126.846,0.662,1
53.806,21.836,1.333,2,153.962,0.806,1
57.015,23.832,0.912,2,137.937,0.813,0
66.287,12.461,2.564,3,98.866,0.875,0
51.47,12.728,2.212,1,40.997,0.704,0
54.621,13.407,2.496,3,128.136,0.69,1
44.125,22.291,2.382,2,79.517,0.795,0
54.037,26.271,5.0,2,104.471,0.692,1
44.852,14.74,0.937,2,122.363,0.507,1
59.324,25.264,0.211,4,91.081,0.841,0
44.456,18.988,2.766,1,85.245,0.463,1
55.657,17.006,1.986,3,100.785,0.776,0
49.561,16.309,2.748,2,48.615,0.99,0
66.891,23.973,3.042,5,78.989,0.795,0
49.229,20.605,3.813,1,78.556,0.623,1
23.405,36.207,0.742,5,102.925,0.657,0
68.929,11.182,1.788,1,81.585,0.772,0
36.414,22.145,2.872,2,94.525,0.717,1
40.194,13.766,3.248,1,96.651,0.826,0
41.065,11.046,4.813,1,173.831,0.923,1
70.617,17.913,3.451,2,133.087,0.904,0
17.965,19.099,2.338,5,106.389,0.558,0
97.066,41.345,1.421,5,123.472,0.722,0
65.841,16.527,1.779,4,137.621,0.789,0
53.349,8.959,1.748,5,118.633,0.932,0
49.177,20.184,3.121,5,78.983,0.77,0
54.283,1.403,2.683,1,105.89,0.624,1
57.817,17.264,0.944,4,80.723,0.781,0
59.678,18.128,1.921,2,100.128,0.975,0
58.334,24.357,3.365,2,105.234,0.685,1
51.344,25.789,2.787,3,141.577,0.622,1
47.04,13.971,3.026,4,86.176,0.715,0
47.731,16.795,2.821,1,83.773,0.629,1
47.076,11.871,4.189,3,88.492,0.836,0
67.007,8.975,2.66,3,91.73,0.63,1
58.903,20.479,1.975,2,100.455,0.901,0
10.0,7.811,1.393,5,119.88,0.789,0
59.839,14.683,2.675,1,86.447,0.818,1
52.921,10.039,0.1,4,113.447,0.817,0
49.719,22.397,2.197,3,113.818,0.839,0
44.172,32.411,2.174,1,126.61,0.677,1
66.862,7.587,0.899,2,103.677,0.583,1
64.213,3.176,1.379,3,134.963,0.653,1
38.407,17.001,3.291,3,121.071,0.85,0
56.106,18.126,2.654,2,119.725,0.473,1
35.425,19.749,2.512,2,93.479,0.44,1
29.306,14.429,2.737,2,118.237,0.751,1
40.599,16.395,2.502,1,120.569,0.838,1
62.936,20.94,3.767,1,92.072,0.857,0
64.297,26.323,2.536,1,145.828,0.587,1
57.696,2.36,0.796,5,188.705,0.555,1
60.876,15.048,4.193,3,90.286,0.624,1
57.743,19.71,2.807,1,95.894,0.665,1
40.378,10.656,1.752,5,96.649,0.673,0
56.479,31.849,1.021,3,70.713,0.737,0
62.006,12.917,2.836,1,83.711,0.917,0
61.314,17.67,2.271,2,135.717,0.711,1
67.834,22.448,4.132,4,107.54,0.851,1
60.625,13.27,2.02,1,167.57,0.812,1
55.272,3.227,1.479,4,101.345,0.621,0
66.052,14.571,3.385,1,122.491,0.81,1
49.602,26.236,3.418,2,82.871,0.8,0
36.772,15.305,2.586,4,106.695,0.72,0
47.554,11.229,3.144,5,112.635,0.744,0
38.826,25.405,2.359,2,46.877,0.712,0
39.872,15.354,2.657,4,85.251,0.567,0
47.832,13.919,3.681,4,129.078,0.99,1
38.114,19.196,3.088,2,127.48,0.868,1
45.381,24.166,2.214,2,72.549,0.794,0
21.596,37.054,3.888,2,99.171,0.663,0
53.199,24.618,0.1,3,38.912,0.707,0
50.018,27.279,4.657,5,109.897,0.556,1
37.744,13.952,0.523,1,147.809,0.786,1
59.889,9.793,1.71,4,149.109,0.767,1
64.064,18.499,2.355,1,148.042,0.691,1
25.887,18.857,2.239,2,125.809,0.724,1
38.559,9.372,3.507,5,144.746,0.678,1
38.463,16.598,1.236,5,104.322,0.651,0
35.901,21.195,2.687,3,94.344,0.611,1
62.442,20.883,1.764,2,144.218,0.577,1
47.093,22.034,2.725,4,118.654,0.622,1
46.032,20.328,2.329,3,56.143,0.632,0
19.942,13.944,2.502,2,146.497,0.872,1
59.531,13.889,1.795,3,103.404,0.633,1
31.411,8.408,1.839,1,89.986,0.435,1
50.899,32.278,2.716,2,139.367,0.761,1
54.161,18.108,3.438,4,135.322,0.807,1
70.41,16.201,1.742,4,81.294,0.856,0
30.368,10.57,1.444,2,105.287,0.743,0
10.0,41.485,3.075,3,82.747,0.56,0
52.758,9.413,2.364,5,83.542,0.608,0
77.008,14.569,3.314,2,20.217,0.804,0
68.584,21.327,1.404,4,79.58,0.924,0
53.145,22.802,0.443,1,104.866,0.56,1
42.625,25.663,1.814,4,25.001,0.75,0
62.107,32.461,1.557,5,68.844,0.642,0
35.397,22.049,2.313,4,128.212,0.605,1
57.145,9.552,1.699,5,67.631,0.725,0
57.582,15.944,3.215,2,105.283,0.701,1
65.903,20.463,2.083,4,60.399,0.437,0
91.395,34.546,2.566,3,122.283,0.748,0
55.886,6.818,2.573,3,100.227,0.766,1
42.366,27.621,2.614,4,82.47,0.825,0
49.616,19.439,2.373,4,30.665,0.64,0
23.464,24.703,2.962,1,83.184,0.498,1
39.579,17.184,1.525,4,129.942,0.661,0
43.861,11.261,3.939,1,156.502,0.819,1
42.139,24.007,2.14,1,103.422,0.709,1
52.285,23.235,0.957,1,106.998,0.839,0
37.664,25.776,2.607,1,89.676,0.538,1
66.815,17.894,1.464,2,146.879,0.834,1
50.003,13.201,3.132,3,102.78,0.755,0
49.86,5.53,4.831,1,136.812,0.67,1
45.082,24.555,1.535,3,117.446,0.87,0
52.328,21.391,2.766,1,113.687,0.754,1
62.376,10.274,0.469,3,79.392,0.582,0
36.993,13.691,2.899,4,163.478,0.857,1
40.128,14.266,1.426,4,153.978,0.686,1
45.444,6.136,1.713,3,178.226,0.725,1
29.812,11.459,1.189,1,77.018,0.599,1
37.711,8.929,3.205,2,117.921,0.713,1
42.857,14.7,3.508,3,86.201,0.588,1
63.116,12.09,2.426,5,123.31,0.696,1
53.938,4.984,1.449,2,118.767,0.724,1
52.904,34.181,4.148,5,97.58,0.805,0
62.763,28.02,1.575,3,103.141,0.523,0
47.939,11.768,0.1,1,172.723,0.86,1
55.857,20.179,2.904,5,105.941,0.865,0
48.452,21.34,1.185,3,43.923,0.694,0
53.98,27.529,3.487,2,93.915,0.738,0
41.259,11.451,1.981,1,77.142,0.763,1
13.418,26.737,3.064,5,82.407,0.732,0
47.986,13.617,3.942,3,131.28,0.804,1
71.341,7.313,1.07,1,136.727,0.666,1
63.893,23.793,1.777,1,84.709,0.614,0
64.481,28.326,2.317,4,93.479,0.78,0
68.542,38.703,4.091,1,89.055,0.506,1
51.33,8.402,1.676,3,155.543,0.807,1
52.96,23.591,1.746,2,137.624,0.821,1
40.735,14.722,2.926,4,130.308,0.61,1
45.259,24.267,1.765,3,79.038,0.919,0
59.237,6.236,2.568,3,58.722,0.671,1
68.058,7.898,0.693,3,146.914,0.659,1
47.908,11.793,4.836,5,167.568,0.629,1
43.247,18.632,0.918,5,57.303,0.783,0
50.008,12.871,2.046,2,177.245,0.665,1
59.018,23.272,2.364,3,106.82,0.519,1
28.342,26.215,4.504,5,115.045,0.768,0
15.557,22.797,0.943,5,70.463,0.679,0
41.742,30.95,4.582,5,56.757,0.872,0
31.689,21.327,3.233,2,42.086,0.763,0
42.378,8.265,2.859,2,140.925,0.757,1
47.783,28.907,1.317,3,107.518,0.862,0
43.201,13.159,3.028,4,123.823,0.742,1
71.787,25.283,1.604,3,143.994,0.83,0
54.901,30.59,3.793,5,107.126,0.629,1
54.507,21.654,1.332,5,160.684,0.95,0
59.333,6.031,2.276,1,85.238,0.759,1
32.918,10.654,1.789,3,97.472,0.552,1
65.587,28.582,1.314,5,82.915,0.739,0
48.864,16.647,3.215,5,135.065,0.746,1
60.057,18.637,2.989,4,143.407,0.737,1
33.922,24.071,3.73,1,96.412,0.398,1
26.694,23.571,0.442,3,68.206,0.643,0
62.268,20.23,3.571,2,146.918,0.526,1
55.646,16.331,5.0,3,83.578,0.528,1
36.469,15.499,1.903,3,97.916,0.743,1
36.955,24.863,4.485,4,77.802,0.641,1
66.882,22.429,2.111,3,118.624,0.669,1
32.159,15.942,0.89,4,86.901,0.595,0
74.64,26.657,2.064,4,131.042,0.913,0
36.491,16.968,3.553,5,93.207,0.726,1
59.576,11.187,1.478,2,126.135,0.507,1
45.071,11.928,1.74,4,82.259,0.81,0
59.048,10.17,3.053,1,146.788,0.672,1
41.838,15.821,2.403,1,95.003,0.887,0
47.558,27.87,3.043,2,112.702,0.719,0
50.614,11.559,2.662,4,74.363,0.623,0
34.967,19.508,2.928,2,109.518,0.644,1
61.112,12.746,1.924,5,75.476,0.664,0
42.302,15.918,2.655,1,108.683,0.789,0
46.571,5.92,1.38,3,81.154,0.61,0
35.085,16.236,3.817,1,105.339,0.894,0
11.565,16.45,1.702,4,123.978,0.772,0
47.135,22.322,3.642,2,68.83,0.751,0
86.189,19.786,2.143,1,108.694,0.73,0
61.769,8.413,2.622,3,122.249,0.717,1
49.711,26.674,1.856,3,122.122,0.542,0
46.057,19.682,1.282,2,167.551,0.761,1
50.337,19.587,0.481,2,87.665,0.99,0
58.207,17.927,1.239,1,109.916,0.817,0
32.288,13.858,2.044,4,162.432,0.781,0
66.715,19.742,2.633,5,68.802,0.505,0
60.731,21.805,3.511,3,41.074,0.872,0
60.773,4.025,1.91,2,126.067,0.832,1
56.577,13.69,1.43,5,141.297,0.883,1
50.294,15.96,0.813,5,46.699,0.593,0
60.093,20.049,2.928,5,100.406,0.664,0
58.877,27.546,3.922,4,79.462,0.512,1
44.689,11.826,3.793,2,119.29,0.5,1
41.396,14.016,3.181,3,108.985,0.639,1
51.528,13.9,3.102,2,149.268,0.785,1
73.235,11.588,4.267,1,69.654,0.662,1
31.413,15.223,2.765,3,121.581,0.626,0
27.987,24.166,3.111,2,128.648,0.768,1
52.471,9.569,2.047,3,111.51,0.266,1
50.763,21.423,0.902,1,49.793,0.644,0
52.6,4.385,1.648,3,122.466,0.767,1
53.659,13.509,2.39,5,88.08,0.664,0
46.652,15.364,2.467,4,57.702,0.902,0
72.348,31.399,4.519,1,121.076,0.627,1
25.986,15.802,2.489,3,133.016,0.637,1
37.573,0.39,3.697,1,91.538,0.582,1
48.451,2.009,1.921,5,135.015,0.614,1
25.352,18.272,2.057,4,135.316,0.759,0
47.362,22.91,0.938,1,109.476,0.833,0
74.922,21.004,1.583,5,127.89,0.99,0
50.313,19.341,2.98,5,139.291,0.801,1
53.461,27.298,2.408,5,125.751,0.555,1
31.098,13.683,3.437,3,41.39,0.894,0
40.755,25.159,2.599,2,34.39,0.788,0
44.372,4.944,2.012,1,141.982,0.724,1
45.234,10.76,4.763,2,89.347,0.869,1
69.225,3.544,2.297,5,95.121,0.99,0
58.365,15.801,3.679,2,166.7,0.694,1
33.328,17.63,1.959,5,87.99,0.603,0
53.698,18.913,3.181,5,105.846,0.906,0
57.473,18.495,3.421,4,110.374,0.99,0
67.102,10.58,2.629,4,103.611,0.74,0
73.708,16.478,0.1,2,150.322,0.724,1
34.774,6.02,2.42,1,98.762,0.744,1
37.837,28.906,3.754,2,131.581,0.783,1
31.136,15.571,2.98,1,112.108,0.523,1
46.49,14.089,2.89,2,139.008,0.763,1
56.995,30.712,0.506,3,68.842,0.758,0
64.81,8.062,1.607,3,42.393,0.75,0
48.861,8.995,2.852,1,110.892,0.743,1
45.202,9.23,2.851,4,84.576,0.733,1
52.276,17.457,3.736,1,153.946,0.426,1
37.473,21.453,2.241,2,107.508,0.619,1
81.343,23.917,2.846,5,116.593,0.84,0
25.885,38.576,2.418,3,100.779,0.873,0
52.771,0.005,1.314,5,90.46,0.661,0
80.354,22.87,0.1,3,111.725,0.586,0
50.102,13.543,2.874,2,140.442,0.82,1
47.149,13.309,2.591,3,100.622,0.758,0
44.638,13.042,1.72,1,98.515,0.703,1
47.294,10.73,0.619,5,134.145,0.841,0
70.593,31.476,3.093,5,59.46,0.555,0
16.822,24.738,2.107,2,145.654,0.883,1
73.002,18.186,3.013,5,85.809,0.51,1
28.641,28.808,4.45,2,138.337,0.604,1
46.0,5.9,0.1,4,118.815,0.574,1
43.561,7.354,1.63,1,47.482,0.638,0
58.828,0.576,2.17,3,110.356,0.763,1
26.028,12.405,4.0,3,149.428,0.815,1
56.933,19.294,0.6,3,100.893,0.709,0
80.365,18.823,4.529,4,103.647,0.541,1
29.552,19.195,2.549,1,86.978,0.44,1
52.846,6.712,2.294,5,145.865,0.838,0
40.07,24.425,2.182,5,96.112,0.821,0
56.388,19.917,1.92,1,163.746,0.87,1
50.287,23.864,3.553,1,144.66,0.701,1
40.378,2.858,1.225,3,149.958,0.814,1
57.318,20.492,2.78,5,112.405,0.63,0
77.065,8.498,1.977,1,95.41,0.787,1
47.136,14.821,1.562,5,124.353,0.653,1
60.796,22.275,5.0,1,156.56,0.606,1
30.601,18.729,2.861,2,163.197,0.752,1
35.653,11.188,3.075,3,54.284,0.745,0
57.086,18.05,3.652,1,191.144,0.848,1
72.262,5.748,0.837,4,117.564,0.54,1
55.334,27.202,4.328,1,133.374,0.85,1
45.304,16.358,0.1,2,83.142,0.738,0
49.989,26.948,1.554,4,81.075,0.87,0
31.244,13.788,1.895,4,66.835,0.868,0
59.068,13.811,3.04,1,161.11,0.379,1
63.235,11.887,2.641,2,89.358,0.867,1
43.219,25.009,2.217,4,107.243,0.873,0
42.949,12.325,2.387,3,100.959,0.544,1
53.988,23.157,1.324,3,79.375,0.501,1
43.449,14.94,0.753,5,104.031,0.828,0
49.008,2.192,3.199,5,112.637,0.736,0
81.496,13.437,3.163,2,147.463,0.63,1
46.295,8.567,4.143,4,78.227,0.921,0
44.625,18.271,1.531,3,92.495,0.762,0
40.287,8.477,3.162,3,126.503,0.428,1
61.163,25.408,2.088,2,111.362,0.578,1
47.282,17.271,3.71,4,111.914,0.866,1
40.259,16.579,3.524,2,80.868,0.725,0
69.82,23.247,2.632,1,133.354,0.619,1
71.294,25.711,2.027,3,152.409,0.783,1
40.994,17.839,3.457,2,149.635,0.635,1
22.002,11.83,3.112,2,104.192,0.545,1
65.113,3.808,1.647,1,32.511,0.862,0
39.731,12.512,0.939,5,117.012,0.883,0
61.859,13.062,2.083,3,113.009,0.787,1
20.448,18.856,4.067,2,79.456,0.505,1
63.389,15.239,3.661,3,85.35,0.979,0
31.832,23.503,1.176,5,80.133,0.974,0
60.961,13.096,1.115,2,118.236,0.898,0
50.214,17.544,3.802,1,85.328,0.763,0
35.691,27.472,1.151,3,114.953,0.733,0
43.894,20.735,2.96,1,181.296,0.781,1
60.295,17.52,1.722,5,104.425,0.56,0
51.588,13.184,4.179,5,75.199,0.644,0
58.766,12.934,1.553,3,66.4,0.638,0
79.647,11.195,3.658,5,119.902,0.805,1
26.536,13.672,2.603,4,170.087,0.755,1
74.258,24.045,2.677,3,82.952,0.586,1
51.565,16.225,0.233,4,45.351,0.497,0
36.518,7.202,0.1,5,161.224,0.77,0
30.045,32.145,2.157,3,185.488,0.571,1
47.163,20.56,2.672,4,132.702,0.544,1
63.825,6.744,1.162,5,122.917,0.99,0
48.087,14.465,1.202,2,112.002,0.99,0
72.667,18.887,3.018,2,130.431,0.657,1
28.232,31.637,3.019,1,129.044,0.465,1
49.819,9.135,2.248,2,118.49,0.89,1
31.214,25.808,3.258,4,81.431,0.767,0
55.454,29.196,1.108,2,118.331,0.828,0
63.303,12.971,2.008,3,107.048,0.631,1
43.689,15.78,4.213,3,85.939,0.575,1
10.937,9.71,2.475,3,118.261,0.686,1
52.984,16.372,2.539,2,95.414,0.744,0
56.551,17.707,4.937,2,112.032,0.618,1
56.064,23.277,0.861,1,123.695,0.902,0
68.537,26.721,3.276,5,127.945,0.477,1
33.934,12.015,4.23,1,96.153,0.777,1
60.203,2.261,2.043,4,123.512,0.738,1
67.888,17.83,3.346,3,130.495,0.891,1
23.321,20.348,1.32,2,139.217,0.586,1
54.795,19.995,1.645,5,119.146,0.819,0
42.437,15.387,2.823,5,128.16,0.787,0
48.777,18.998,3.278,2,97.358,0.754,0
55.215,30.124,3.633,1,187.308,0.596,1
42.692,21.054,4.127,5,108.077,0.612,1
39.864,15.013,2.326,1,143.636,0.679,1
50.512,13.998,3.713,2,95.397,0.65,1
33.691,16.641,2.023,1,121.243,0.896,0
33.713,31.094,3.392,3,120.123,0.739,1
60.191,16.534,2.628,2,125.834,0.831,1
32.768,17.842,2.89,2,84.56,0.517,1
59.995,14.141,2.866,5,121.683,0.462,1
56.939,26.792,0.635,5,95.514,0.695,0
24.113,33.679,1.163,5,134.584,0.541,0
39.837,21.605,2.513,3,83.653,0.726,0
67.912,18.662,0.544,3,119.177,0.602,0
35.283,18.294,3.314,4,109.151,0.763,0
43.034,0.0,3.359,2,165.647,0.61,1
56.931,23.961,2.76,5,143.534,0.799,0
61.751,19.073,1.167,2,151.175,0.597,1
46.227,21.427,3.918,1,86.853,0.459,1
41.037,12.308,4.641,3,98.499,0.839,0
71.336,14.924,2.562,4,109.878,0.612,0
76.083,14.712,2.962,1,144.337,0.912,1
64.683,26.173,2.622,2,121.282,0.63,1
51.28,14.97,2.983,3,87.525,0.605,1
37.876,34.661,2.268,5,88.793,0.68,0
37.543,21.447,2.362,1,145.774,0.642,1
57.838,7.795,3.396,3,122.25,0.738,1
56.276,16.972,4.98,2,111.574,0.776,1
71.024,12.787,0.86,2,109.088,0.798,0
59.757,0.445,2.286,1,136.862,0.708,1
27.454,30.796,1.101,1,78.369,0.51,0
65.779,23.625,4.151,1,111.556,0.961,0
35.029,22.266,1.753,4,113.349,0.668,0
44.24,19.323,0.812,5,72.623,0.661,0
53.753,6.944,3.102,3,103.778,0.708,0
79.935,14.131,4.319,2,178.596,0.683,1
96.649,24.734,3.13,2,84.95,0.475,1
59.101,9.59,2.625,5,113.781,0.8,0
47.252,0.0,2.85,1,47.686,0.605,1
58.018,16.183,3.956,1,105.833,0.675,1
63.315,16.866,1.438,2,77.769,0.966,0
45.19,19.085,2.277,5,99.445,0.852,0
76.928,23.828,1.902,2,122.785,0.946,0
53.451,23.101,1.115,1,76.227,0.625,0
57.466,20.07,2.039,3,117.231,0.822,1
59.989,27.564,3.618,1,86.607,0.776,0
56.324,5.848,3.023,3,69.936,0.712,0
62.584,22.037,3.109,4,139.481,0.615,1
40.741,23.012,2.561,5,81.158,0.872,0
41.625,8.084,2.976,4,97.285,0.648,1
33.498,5.977,1.519,1,92.878,0.739,1
56.593,12.032,2.06,5,116.507,0.848,0
61.684,12.708,2.611,1,110.969,0.583,1
56.867,24.027,2.705,5,105.043,0.568,0
75.117,13.084,2.752,5,88.738,0.99,0
49.916,11.149,2.248,1,102.041,0.6,1
60.031,13.107,1.985,1,118.815,0.946,0
33.624,26.949,5.0,5,113.537,0.713,1
44.194,18.104,3.397,5,143.653,0.66,0
60.433,16.566,2.854,1,132.89,0.674,1
62.737,17.12,2.143,1,143.194,0.711,1
45.59,28.336,1.904,2,150.602,0.907,0
48.926,12.007,2.256,2,115.613,0.826,1
27.232,28.524,2.722,2,135.609,0.69,1
44.645,19.684,0.332,4,120.071,0.459,1
63.356,16.717,0.674,5,149.803,0.723,0
58.628,38.007,1.699,3,57.354,0.739,0
57.51,9.555,2.628,4,100.533,0.896,0
50.747,15.171,2.137,5,122.302,0.514,1
50.106,8.141,4.026,3,127.099,0.651,1
40.095,25.62,0.769,2,109.471,0.646,0
60.482,31.514,1.574,3,60.125,0.712,0
56.315,31.359,4.072,1,104.673,0.733,0
57.38,27.792,2.544,1,134.486,0.781,1
42.109,16.419,3.373,5,100.53,0.455,1
17.7,15.078,4.656,4,112.775,0.744,1
66.457,4.631,1.637,2,167.496,0.754,1
42.817,34.287,2.291,5,104.394,0.731,0
37.058,21.752,2.1,2,105.279,0.695,0
60.402,14.064,0.25,1,115.825,0.241,1
44.12,28.624,2.059,4,117.126,0.8,0
65.899,10.218,3.369,4,114.039,0.584,1
59.255,21.253,2.995,1,121.796,0.806,1
60.254,16.619,3.081,3,74.298,0.895,0
29.511,23.109,1.987,4,106.364,0.485,1
68.179,17.491,1.678,3,73.149,0.802,0
53.919,6.393,3.796,2,111.679,0.547,1
44.461,18.605,1.853,4,128.137,0.714,1
52.151,26.391,2.723,1,105.839,0.702,1
23.356,17.766,2.58,3,81.595,0.826,0
56.13,24.201,4.008,2,97.072,0.805,0
34.559,9.636,3.469,2,164.03,0.757,1
29.71,17.79,0.975,4,153.491,0.49,1
27.165,13.004,1.094,4,93.734,0.368,1
66.69,23.976,3.037,5,93.584,0.848,0
40.561,18.252,2.329,5,106.737,0.825,0
73.006,23.521,1.899,4,147.19,0.58,1
41.963,26.702,3.517,5,57.471,0.769,0
24.39,23.533,2.606,1,93.345,0.691,1
33.252,20.185,2.458,1,122.34,0.872,0
68.537,10.014,3.258,5,118.876,0.732,0
47.662,17.978,1.987,4,97.171,0.846,0
41.776,13.735,4.125,1,102.431,0.634,0
52.4,15.247,1.533,2,119.929,0.76,1
57.527,15.004,3.123,4,97.688,0.662,1
66.761,10.161,3.977,3,78.097,0.633,1
71.727,2.341,0.885,3,104.438,0.394,1
44.603,12.655,2.022,4,115.681,0.849,0
30.109,19.547,3.656,5,46.267,0.965,0
43.798,7.215,3.673,1,121.767,0.526,1
53.904,18.125,2.211,1,139.225,0.817,1
35.544,33.202,1.592,4,99.282,0.811,0
35.643,26.184,3.452,2,99.827,0.648,1
55.157,31.148,3.702,5,87.847,0.617,0
49.27,21.129,1.119,2,105.428,0.885,0
50.492,27.34,1.076,4,93.255,0.871,0
38.623,12.208,2.648,4,153.428,0.783,1
46.544,12.845,3.092,2,113.738,0.647,1
36.137,0.0,2.071,3,45.575,0.873,0
63.353,27.489,3.147,4,127.116,0.603,1
65.529,30.323,1.619,5,161.574,0.919,0
22.307,13.575,0.1,2,125.272,0.949,0
36.057,15.968,1.934,3,145.7,0.885,1
27.552,11.969,2.47,2,130.315,0.768,0
40.25,21.061,2.097,3,139.73,0.363,1
48.748,26.999,1.126,3,138.269,0.694,1
28.255,4.058,0.403,5,138.613,0.967,0
36.172,21.276,1.835,4,119.5,0.851,0
34.941,15.787,3.387,3,58.549,0.781,0
53.109,18.907,3.782,4,77.321,0.625,0
51.04,21.672,3.706,5,77.871,0.863,0
39.174,16.494,1.502,4,34.232,0.5,0
52.652,17.171,1.131,1,96.957,0.696,1
41.8,16.289,2.946,3,152.464,0.964,1
45.925,25.763,3.099,5,66.909,0.607,0
75.102,21.35,2.84,2,131.842,0.805,1
70.107,19.765,0.185,5,125.873,0.474,1
30.506,7.832,1.446,3,116.899,0.629,1
62.446,14.971,2.367,5,145.477,0.745,1
62.171,25.189,2.936,2,108.761,0.77,0
32.776,18.302,3.244,1,155.646,0.99,0
62.282,23.276,2.559,3,104.015,0.649,0
73.069,32.132,2.764,3,120.301,0.803,0
33.162,26.309,2.493,5,105.752,0.799,0
36.237,18.745,3.154,4,82.286,0.638,0
65.265,13.912,2.744,4,69.602,0.854,0
54.072,0.0,2.472,2,127.257,0.814,1
58.272,16.653,2.105,1,150.419,0.682,1
55.109,15.392,2.489,1,117.325,0.747,1
55.86,21.123,2.933,5,125.419,0.586,1
30.103,16.769,2.694,5,63.37,0.596,0
65.71,15.437,2.819,4,121.558,0.717,0
67.544,3.765,3.877,1,47.612,0.825,0
46.559,10.48,2.692,1,74.133,0.673,1
49.348,21.813,1.686,1,150.026,0.634,1
27.033,31.727,3.372,2,110.41,0.688,1
57.714,17.22,0.897,2,113.175,0.836,0
58.581,20.622,1.21,5,126.614,0.531,1
49.067,25.62,2.769,4,133.944,0.841,0
66.865,11.513,2.968,3,101.875,0.792,1
44.989,20.935,1.03,4,118.788,0.53,0
58.469,12.076,1.979,2,107.915,0.687,1
34.705,24.919,1.733,2,64.04,0.809,0
49.647,19.211,1.865,5,99.365,0.453,0
47.385,20.388,3.438,3,122.391,0.575,1
53.38,11.739,3.177,1,98.451,0.507,1
44.457,23.656,2.379,3,98.723,0.639,1
48.028,34.678,1.799,3,133.466,0.865,0
62.391,9.937,0.915,3,114.834,0.832,0
43.449,15.282,3.962,5,120.556,0.649,1
25.901,19.853,3.051,2,61.258,0.864,0
76.244,24.291,1.623,1,123.45,0.813,0
70.722,13.524,3.192,3,76.747,0.899,0
30.616,0.0,2.323,1,109.264,0.708,1
60.346,28.874,2.084,3,78.104,0.795,0
42.455,24.084,2.879,2,137.988,0.99,0
53.952,4.056,1.584,1,164.888,0.677,1
54.413,13.139,2.022,4,105.573,0.711,0
46.484,30.545,2.534,2,105.293,0.698,1
38.244,29.582,1.851,1,140.922,0.707,1
39.642,25.509,3.136,3,127.157,0.798,0
36.257,16.591,4.456,3,107.862,0.728,0
37.523,18.664,1.57,2,121.046,0.529,1
48.992,16.953,0.568,2,170.894,0.723,1
39.264,27.026,0.198,3,89.844,0.646,0
60.231,10.993,2.234,1,92.423,0.478,1
72.309,11.554,1.671,4,133.84,0.88,0
41.299,26.082,2.629,5,173.373,0.646,1
53.591,17.645,2.546,2,115.316,0.774,0
57.495,29.028,0.636,3,58.713,0.278,0
57.08,12.628,0.404,1,121.711,0.79,1
51.139,17.562,2.726,2,94.252,0.676,1
61.14,10.621,2.549,1,124.285,0.502,1
57.234,18.059,1.932,2,69.22,0.643,0
31.435,6.172,0.577,3,65.726,0.624,0
63.037,14.099,2.919,1,101.094,0.825,1
63.309,6.51,3.799,3,159.567,0.733,1
38.551,23.551,2.706,1,68.851,0.507,1
50.569,23.733,1.468,2,100.39,0.781,0
60.25,4.158,2.449,5,66.086,0.43,0
46.86,28.671,0.897,5,118.696,0.562,0
66.095,37.979,3.564,4,116.645,0.722,0
85.458,18.368,2.49,4,67.283,0.633,0
38.21,12.871,0.455,3,148.632,0.887,0
29.284,40.595,2.069,1,52.334,0.744,0
54.557,7.448,2.91,4,157.294,0.808,1
60.823,18.161,2.034,2,151.234,0.813,1
46.537,19.437,2.097,5,119.174,0.658,0
71.799,28.761,1.053,1,136.883,0.571,1
29.921,20.878,3.023,5,104.657,0.713,1
60.394,14.011,1.687,1,63.789,0.841,0
40.912,10.391,0.1,4,117.095,0.687,0
75.791,15.265,1.992,4,62.872,0.803,0
79.888,9.945,3.479,3,109.674,0.716,1
38.5,18.383,1.974,1,72.895,0.503,1
41.757,13.486,4.312,2,139.262,0.514,1
62.894,6.048,2.872,4,121.405,0.939,0
44.193,28.041,2.773,3,130.349,0.557,1
49.319,14.019,2.259,4,120.209,0.631,1
50.381,7.855,2.325,5,166.424,0.848,1
21.205,16.654,2.11,4,140.672,0.553,1
49.792,18.547,2.068,1,161.109,0.624,1
39.654,4.028,2.984,3,82.998,0.69,0
42.603,20.653,1.371,1,93.722,0.672,1
71.654,9.623,1.217,2,37.301,0.584,0
31.152,31.688,1.164,2,98.228,0.693,0
62.198,22.192,4.65,4,108.934,0.815,0
45.816,14.801,2.983,3,123.029,0.703,1
45.804,12.039,2.735,3,94.072,0.628,1
61.856,17.16,1.237,3,132.092,0.852,0
55.101,22.902,3.086,3,129.99,0.959,1
58.559,17.796,2.272,4,95.793,0.854,0
64.523,16.263,2.636,1,81.247,0.563,1
45.03,18.467,1.326,4,111.977,0.566,0
40.816,13.169,2.576,1,112.98,0.781,1
33.723,15.254,1.934,5,91.768,0.744,0
37.619,1.314,1.558,5,102.224,0.549,0
94.236,25.79,3.208,1,67.464,0.76,1
68.67,20.39,0.709,4,130.357,0.734,0
29.734,11.812,3.021,2,130.842,0.927,0
30.163,33.19,3.153,4,111.47,0.659,0
57.228,18.696,1.432,2,132.965,0.914,0
58.209,9.711,1.498,4,113.935,0.92,0
58.233,24.854,2.155,3,158.488,0.626,1
46.176,21.184,2.71,3,71.108,0.77,0
48.118,21.157,2.232,5,116.054,0.69,0
54.918,14.594,2.877,5,137.1,0.685,1
51.288,21.604,4.339,1,154.763,0.754,1
16.71,15.906,1.842,2,133.777,0.609,1
46.553,22.448,0.513,3,78.861,0.497,0
37.229,2.76,3.309,4,60.349,0.646,0
52.628,14.529,4.252,1,104.904,0.885,1
94.779,31.777,2.832,4,120.852,0.692,1
55.512,11.863,1.203,3,138.342,0.717,1
45.297,13.169,2.264,3,77.136,0.831,0
63.827,14.416,1.17,3,128.322,0.496,1
57.24,8.282,3.107,3,29.671,0.781,0
56.301,0.334,0.914,4,87.815,0.954,0
59.103,16.155,2.07,1,135.808,0.733,1
80.848,19.087,1.295,3,74.264,0.451,1
33.037,17.58,2.54,5,76.893,0.709,0
57.104,16.841,1.997,1,94.237,0.805,0
36.104,18.344,2.594,5,115.31,0.736,0
58.333,26.183,2.425,4,76.542,0.758,0
36.22,16.476,1.315,3,109.031,0.775,0
43.739,13.407,3.09,1,97.035,0.589,1
45.574,15.751,2.346,3,144.738,0.607,1
64.637,22.635,1.313,3,95.487,0.668,0
63.777,29.296,4.865,1,110.85,0.775,1
31.314,12.975,2.924,3,114.99,0.554,1
50.824,18.791,2.231,3,97.408,0.99,0
39.356,20.707,3.957,2,133.091,0.381,1
31.122,10.059,4.426,2,139.328,0.481,1
46.745,18.163,2.24,1,95.331,0.798,0
45.373,6.275,2.782,1,118.794,0.785,1
86.401,3.848,1.313,3,82.174,0.71,0
56.494,20.934,2.238,5,126.914,0.815,0
29.336,14.929,2.181,1,116.985,0.799,0
41.528,19.618,2.603,3,99.082,0.72,0
65.321,17.857,2.766,5,119.898,0.758,0
81.327,10.189,3.016,2,127.786,0.28,1
26.21,17.638,2.661,1,146.912,0.701,1
21.801,8.135,1.068,3,121.924,0.713,0
78.064,29.128,1.368,2,136.652,0.988,0
55.844,7.152,1.799,4,167.146,0.604,1
36.976,16.434,2.09,2,78.981,0.715,0
58.019,9.662,3.556,3,145.14,0.919,1
10.464,22.563,1.121,5,83.626,0.798,0
50.051,15.349,2.007,4,88.596,0.724,0
54.917,13.851,3.448,4,109.646,0.855,0
63.864,24.826,2.07,4,90.619,0.609,1
34.792,18.235,2.906,1,85.603,0.962,0
51.285,22.133,2.247,3,108.188,0.81,0
36.119,10.149,2.682,4,100.003,0.492,1
53.831,6.761,2.149,2,90.041,0.635,1
36.57,18.858,3.134,5,81.422,0.418,0
43.878,15.449,0.7,3,152.754,0.831,1
35.063,23.011,2.0,2,73.994,0.799,0
59.767,17.361,2.726,1,104.97,0.656,1
62.877,19.641,2.987,4,143.538,0.888,0
46.481,5.013,4.042,2,134.286,0.708,1
50.574,33.107,1.97,3,117.011,0.99,0
28.271,16.686,4.027,2,91.291,0.552,1
45.505,23.581,1.675,1,109.437,0.81,0
49.247,11.311,3.862,5,76.278,0.664,0
89.312,20.464,3.299,4,101.446,0.625,0
33.32,7.577,1.395,3,100.992,0.696,0
71.963,21.617,2.738,4,103.889,0.771,0
64.953,15.152,2.344,4,86.36,0.728,0
54.21,18.234,3.088,4,59.124,0.815,0
76.379,23.584,2.154,2,147.556,0.805,1
55.582,8.14,2.062,2,140.893,0.923,1
55.837,12.524,3.906,5,136.24,0.552,1
49.203,21.659,2.291,1,121.353,0.502,1
68.354,34.786,3.309,3,115.111,0.711,1
66.447,16.895,2.152,2,89.189,0.609,1
40.615,22.729,4.233,4,92.395,0.842,0
30.211,17.144,1.654,1,153.661,0.571,1
46.955,33.538,1.724,3,160.487,0.643,1
37.999,4.022,4.077,3,104.457,0.673,1
49.047,18.757,1.911,3,110.113,0.967,0
68.562,4.996,4.161,3,131.97,0.99,1
43.14,0.0,3.381,5,112.804,0.56,1
49.358,20.38,2.23,3,115.071,0.413,1
50.87,19.116,0.405,1,108.206,0.64,0
62.726,15.721,2.379,2,81.865,0.715,0
16.297,17.15,2.512,1,98.81,0.714,1
40.899,42.786,3.684,4,105.99,0.708,0
53.169,15.935,4.147,5,34.397,0.834,0
68.001,22.081,1.647,5,112.625,0.664,0
42.621,12.805,3.281,4,179.677,0.75,1
21.852,20.362,3.242,1,97.119,0.81,0
59.296,16.094,3.581,1,110.994,0.751,1
40.47,14.716,2.949,4,84.785,0.815,0
32.155,32.551,0.263,3,77.183,0.481,0
40.635,27.417,2.229,3,100.697,0.736,0
47.232,19.094,1.129,2,128.894,0.752,0
40.929,0.0,2.177,1,102.987,0.697,1
16.917,15.112,3.478,1,98.778,0.636,1
63.456,39.624,2.736,4,124.868,0.785,0
69.123,16.155,3.663,4,116.003,0.737,1
59.773,26.826,2.776,3,118.378,0.713,0
32.935,29.536,0.972,1,145.709,0.674,0
46.978,19.752,0.1,1,141.939,0.68,0
49.902,11.265,2.564,5,154.872,0.613,1
58.982,0.0,2.165,2,73.615,0.653,0
60.025,23.473,1.325,2,135.718,0.589,1
38.987,11.482,0.529,3,159.375,0.666,1
51.23,19.409,1.592,1,61.02,0.771,0
56.859,8.001,2.186,5,109.397,0.835,0
71.837,15.878,3.132,1,93.702,0.713,1
60.568,18.27,2.607,4,109.27,0.709,1
61.836,20.149,4.169,3,144.409,0.74,1
51.257,9.081,1.261,2,68.128,0.858,0
71.157,27.575,3.369,1,117.35,0.689,1
56.146,13.225,2.452,3,93.062,0.785,0
37.084,4.604,3.164,2,145.329,0.772,1
71.051,17.128,1.92,1,122.628,0.633,1
60.469,18.275,3.579,5,105.268,0.819,0
43.354,19.285,2.725,3,88.456,0.43,1
42.808,28.897,1.653,1,189.738,0.869,1
54.449,16.108,2.387,2,118.397,0.553,1
56.948,17.043,2.136,2,67.401,0.701,1
52.959,9.175,2.938,5,85.678,0.836,0
54.67,24.564,1.102,3,122.378,0.66,0
75.499,19.474,2.368,3,88.099,0.753,0
66.073,14.64,2.835,1,91.79,0.838,0
52.86,2.763,2.436,2,139.578,0.979,0
64.12,29.555,3.882,2,136.922,0.718,1
34.512,8.179,3.251,5,92.864,0.745,0
55.969,13.27,2.392,5,145.126,0.726,1
77.14,20.867,2.638,3,88.682,0.689,1
46.729,8.428,2.725,2,160.806,0.532,1
37.285,6.052,2.844,1,126.126,0.563,1
40.219,1.008,0.392,4,118.705,0.718,0
33.656,23.768,2.068,1,98.456,0.768,0
38.229,13.639,0.767,5,91.74,0.897,0
44.442,41.418,3.806,1,40.205,0.691,0
28.916,10.045,2.333,2,101.176,0.934,0
50.234,10.628,2.187,3,109.685,0.551,1
63.534,13.477,3.386,4,55.217,0.749,0
36.384,19.945,2.865,3,134.702,0.683,1
72.789,14.238,1.159,4,105.189,0.536,0
57.662,22.899,2.322,4,146.441,0.483,1
65.459,10.171,2.031,2,89.49,0.659,1
40.132,6.947,0.481,2,147.093,0.67,1
62.818,3.614,1.641,5,96.529,0.596,1
33.621,0.211,2.198,5,108.491,0.827,0
63.354,13.855,2.274,4,116.468,0.663,1
52.578,15.592,0.77,5,108.75,0.582,0
58.299,12.949,3.667,2,119.131,0.687,1
32.366,27.947,2.288,5,52.264,0.632,0
36.574,27.824,2.441,4,105.818,0.951,0
58.958,15.322,2.841,3,107.587,0.676,1
35.775,3.649,1.533,1,50.406,0.592,0
56.948,13.466,2.902,5,129.274,0.95,0
29.493,13.201,1.996,2,82.659,0.822,0
62.723,12.743,1.414,3,138.27,0.735,1
31.512,12.418,3.031,2,112.579,0.609,1
58.284,12.772,4.041,5,92.772,0.827,0
59.384,14.908,3.197,4,140.141,0.515,1
39.548,12.916,3.415,1,159.856,0.817,1
58.73,19.667,1.827,1,111.155,0.755,1
53.907,20.883,0.643,3,151.247,0.859,0
41.917,10.715,4.039,1,104.716,0.39,1
34.872,28.169,4.66,4,138.87,0.591,1
20.561,10.16,4.097,2,98.976,0.58,1
55.245,5.058,2.031,4,164.777,0.563,1
26.528,21.046,1.13,3,142.319,0.78,1
51.43,11.461,1.228,3,124.11,0.679,1
46.048,20.57,0.548,1,33.984,0.598,0
60.187,0.0,2.282,4,123.464,0.566,1
45.469,29.14,4.166,2,72.952,0.585,1
45.058,23.378,2.244,4,120.598,0.841,0
60.978,5.996,2.733,2,148.325,0.711,1
55.026,6.17,3.913,2,130.67,0.836,1
54.742,31.378,1.955,4,135.761,0.99,0
57.039,12.101,4.639,5,98.809,0.717,0
26.966,11.327,4.591,4,64.262,0.522,0
61.352,0.0,2.256,2,86.857,0.701,1
59.187,15.194,1.765,3,100.108,0.983,0
34.75,16.178,3.167,3,109.578,0.872,0
46.339,23.724,2.018,1,148.074,0.63,1
49.41,6.807,1.128,3,131.917,0.677,1
47.983,5.838,3.809,5,176.592,0.829,1
55.008,21.608,3.738,2,79.961,0.787,1
71.471,26.054,2.571,4,144.919,0.83,1
66.227,5.431,1.011,4,136.261,0.687,1
30.317,26.652,1.048,5,106.503,0.774,0
59.331,18.3,2.518,3,81.171,0.677,1
69.934,26.734,1.85,2,91.536,0.915,0
55.802,17.438,2.025,3,90.093,0.506,1
66.365,0.0,3.524,1,161.32,0.507,1
80.184,16.784,3.206,3,134.848,0.62,1
65.356,26.481,3.916,1,135.97,0.625,1
53.74,10.85,1.31,4,112.63,0.506,1
65.676,14.896,2.022,2,103.136,0.481,1
52.173,16.591,3.235,1,120.12,0.87,1
50.359,0.0,2.893,3,113.074,0.697,1
44.729,31.371,4.086,3,107.119,0.686,0
73.451,10.789,2.863,4,121.001,0.728,1
37.724,22.046,4.433,5,78.023,0.944,0
72.986,17.306,2.994,5,118.01,0.736,0
57.498,28.061,3.568,3,106.676,0.704,1
29.01,21.248,2.044,5,88.562,0.631,0
55.515,16.121,2.416,2,129.219,0.804,1
18.5,10.852,3.402,5,163.855,0.711,1
59.383,24.383,4.174,2,148.342,0.951,1
63.278,3.012,3.202,3,101.522,0.697,1
41.115,23.167,2.309,3,129.932,0.861,1
51.853,9.208,3.915,3,135.302,0.62,1
79.312,28.018,0.1,4,113.575,0.619,0
42.414,19.29,0.836,5,109.28,0.464,1
34.116,23.153,3.15,1,120.313,0.831,0
72.225,18.656,2.416,1,185.377,0.715,1
79.439,3.981,3.066,3,117.72,0.81,1
50.055,11.114,2.471,5,71.977,0.957,0
65.172,23.379,3.028,2,78.611,0.601,1
70.122,19.333,1.504,1,104.864,0.58,1
38.863,27.448,3.028,3,72.593,0.61,0
42.72,21.226,3.494,1,106.024,0.426,1
68.463,10.266,3.743,1,176.756,0.693,1
75.275,11.631,4.615,1,94.657,0.844,1
58.443,18.823,2.669,3,77.381,0.727,0
36.803,0.0,2.701,3,103.773,0.5,1
79.806,31.388,0.725,4,106.882,0.67,0
42.035,21.534,1.815,4,80.335,0.738,0
44.973,27.816,2.188,4,72.849,0.855,0
55.135,5.355,3.555,1,150.688,0.832,1
73.312,27.957,1.728,5,125.023,0.672,0
62.81,35.852,3.276,3,95.518,0.671,1
56.223,7.433,2.398,4,75.338,0.803,0
56.949,24.171,2.205,5,94.477,0.637,0
50.653,18.009,2.674,4,73.219,0.84,0
58.372,5.645,1.97,4,92.616,0.628,0
12.057,21.943,1.928,5,172.007,0.937,0
45.551,24.669,0.525,4,117.166,0.753,0
53.62,13.191,2.127,1,91.46,0.446,1
32.735,27.327,1.872,1,130.386,0.81,1
55.795,4.666,1.832,1,82.099,0.756,0
46.933,6.042,2.859,2,97.831,0.788,1
76.332,19.093,3.124,4,54.375,0.99,0
73.595,18.203,2.655,2,148.222,0.683,1
43.013,12.267,3.495,3,103.948,0.503,1
47.737,24.477,3.033,5,85.437,0.897,0
48.891,22.247,2.075,3,129.485,0.471,1
43.225,24.865,1.891,2,78.568,0.616,0
52.925,17.015,2.744,1,80.392,0.726,0
38.626,22.821,3.031,4,98.629,0.594,1
33.041,14.435,3.938,4,74.074,0.711,0
59.341,34.431,3.71,1,90.397,0.701,1
59.443,11.5,1.804,4,104.055,0.935,0
37.935,34.842,2.288,5,106.764,0.381,1
63.43,18.279,3.138,5,70.261,0.732,0
40.526,6.996,3.575,5,102.67,0.591,1
53.797,28.945,3.433,3,127.42,0.641,1
62.305,19.007,2.33,1,132.423,0.815,1
49.496,24.809,1.021,5,95.074,0.793,0
56.821,27.791,1.301,2,104.335,0.768,0
42.254,20.704,2.7,5,102.565,0.544,1
47.053,13.262,2.776,3,68.249,0.886,0
46.912,25.806,1.191,2,93.795,0.597,1
38.801,18.006,2.449,1,133.887,0.914,1
47.348,23.487,3.094,1,134.363,0.629,1
26.771,0.77,1.134,5,122.357,0.864,0
42.633,21.576,3.615,2,30.164,0.734,0
45.727,12.891,1.985,2,86.555,0.486,1
46.157,31.226,3.783,5,124.028,0.67,1
46.378,22.985,1.813,5,161.372,0.958,0
49.074,19.919,1.271,4,109.563,0.835,0
57.192,21.89,1.896,4,112.876,0.659,1
63.118,10.012,2.295,5,106.605,0.903,0
40.254,30.986,1.973,3,70.804,0.759,0
31.952,33.931,2.162,4,120.558,0.95,0
34.369,21.143,2.767,5,64.36,0.709,0
42.692,30.723,2.212,2,107.443,0.679,1
44.721,13.447,2.327,4,112.671,0.858,0
38.45,11.623,0.52,3,111.479,0.755,0
30.558,18.327,2.831,1,71.048,0.798,0
43.158,21.48,2.302,2,88.729,0.599,1
52.721,14.848,4.171,3,130.662,0.884,0
58.925,22.302,1.366,3,112.186,0.858,0
41.639,20.451,0.411,3,88.926,0.909,0
43.805,10.014,3.08,2,77.866,0.53,1
36.1,22.15,2.781,3,134.084,0.557,1
49.528,24.908,1.291,1,111.031,0.615,1
37.274,19.372,0.717,4,76.077,0.686,0
58.597,27.221,4.091,2,104.34,0.533,1
23.212,8.261,3.956,3,85.817,0.809,1
44.606,21.744,0.1,5,119.041,0.659,0
54.517,8.638,1.896,4,147.609,0.896,0
52.758,9.087,4.231,2,77.575,0.99,0
90.396,12.953,1.876,5,114.715,0.637,1
55.247,10.464,1.86,5,114.17,0.613,0
34.939,13.616,2.089,3,45.664,0.825,0
48.568,16.287,1.167,2,134.978,0.734,1
23.356,24.697,0.525,3,172.968,0.772,1
48.791,15.431,3.558,1,114.141,0.906,1
37.504,5.315,0.373,5,150.789,0.682,0
63.731,27.121,2.672,1,72.363,0.571,1
41.757,11.303,3.375,3,88.437,0.548,0
48.249,17.53,0.804,4,112.137,0.695,0
40.467,21.572,1.383,5,84.39,0.671,0
76.083,19.597,3.734,4,111.143,0.841,1
45.181,26.753,2.986,2,140.101,0.915,1
77.488,21.832,1.721,5,83.508,0.914,0
62.212,11.11,3.722,1,141.426,0.622,1
57.231,35.428,3.727,4,52.301,0.608,0
55.531,19.555,2.696,2,92.937,0.466,1
55.907,16.821,1.41,5,104.092,0.72,0
21.085,25.711,1.945,2,82.191,0.844,0
45.817,19.996,2.715,1,93.356,0.621,1
62.677,21.194,2.193,5,151.884,0.513,1
49.267,37.937,3.433,2,147.198,0.984,0
28.922,15.799,0.717,3,131.601,0.621,1
49.214,15.458,0.756,5,141.236,0.704,0
75.562,18.933,2.599,5,91.389,0.655,0
68.703,26.572,1.859,5,73.315,0.533,0
49.07,5.948,1.71,5,85.772,0.846,0
64.272,2.276,0.455,3,90.229,0.475,1
44.502,13.303,2.422,1,91.715,0.877,0
24.442,4.929,2.342,3,125.844,0.758,1
36.133,14.601,3.119,3,119.695,0.682,1
73.443,22.02,2.476,2,104.73,0.685,1
45.89,10.874,2.254,4,106.578,0.784,0
46.349,6.585,3.695,4,142.848,0.63,1
45.502,18.555,0.956,2,71.245,0.745,0
78.562,24.9,2.99,3,133.69,0.596,1
74.389,4.44,0.562,2,46.661,0.419,1
83.282,24.562,1.478,5,93.023,0.806,0
47.614,24.538,1.066,2,155.318,0.99,0
54.434,25.633,3.26,2,119.025,0.799,0
27.25,27.748,2.328,5,96.001,0.713,0
72.154,35.616,2.385,4,137.46,0.664,1
32.483,15.151,1.183,5,127.853,0.669,0
53.252,18.877,2.07,1,126.638,0.664,1
33.54,14.668,1.56,2,103.959,0.748,0
41.167,18.016,2.822,2,138.798,0.386,1
37.441,30.263,1.31,4,90.683,0.362,1
40.882,7.24,3.863,3,89.264,0.783,0
41.913,11.112,0.557,5,166.228,0.692,1
41.776,29.017,1.513,3,95.003,0.582,0
62.5,26.16,4.245,1,49.045,0.578,1
33.427,15.095,1.921,5,141.875,0.642,1
53.308,24.835,0.954,1,150.839,0.661,1
68.269,20.73,2.641,1,102.927,0.919,0
42.302,30.002,1.877,1,47.168,0.57,0
39.231,18.596,1.481,5,108.343,0.827,0
46.542,26.205,1.195,5,172.169,0.803,0
67.696,39.136,5.0,4,116.077,0.691,1
52.912,22.785,2.123,2,133.081,0.827,1
42.032,18.395,0.282,3,134.804,0.782,0
57.258,23.78,4.043,3,139.139,0.544,1
33.466,15.078,3.072,1,165.876,0.637,1
60.22,37.104,1.557,5,142.404,0.774,0
56.129,19.441,1.374,5,107.578,0.636,0
45.383,15.817,3.141,1,76.524,0.806,1
37.421,11.314,2.128,2,122.891,0.883,1
36.7,26.778,0.281,3,104.196,0.716,0
58.022,24.937,4.366,4,131.504,0.635,1
68.435,14.021,1.923,2,84.114,0.619,1
40.44,22.612,4.045,5,100.982,0.669,0
56.876,5.932,3.806,1,110.335,0.659,1
18.695,19.48,1.299,3,81.824,0.841,0
41.231,21.622,3.537,1,111.196,0.638,1
49.534,31.659,1.683,5,133.606,0.695,0
36.355,11.833,0.347,1,167.304,0.829,1
35.952,7.773,1.933,3,87.941,0.674,0
39.983,10.837,2.837,1,137.175,0.658,1
54.383,7.307,1.891,3,50.66,0.842,0
47.19,28.693,2.062,1,109.774,0.882,0
16.427,30.389,3.658,1,112.119,0.725,1
18.189,20.562,2.517,3,134.426,0.952,0
40.897,27.77,1.472,1,94.41,0.743,0
56.865,19.072,3.172,2,117.343,0.843,1
10.0,17.239,2.617,4,143.253,0.99,0
42.504,15.336,0.1,2,76.183,0.632,0
42.106,15.517,2.871,4,51.244,0.647,0
70.825,5.618,2.831,2,142.386,0.832,1
44.225,20.114,2.422,4,80.075,0.698,0
55.745,17.677,3.381,1,123.709,0.588,1
52.119,23.963,1.66,3,168.503,0.671,1
18.042,18.748,2.77,3,135.091,0.522,1
61.523,16.698,0.676,5,80.86,0.723,0
53.231,11.03,2.848,4,66.133,0.743,0
57.624,18.577,4.548,5,86.646,0.872,0
100.0,23.906,1.306,5,115.185,0.885,0
18.738,8.853,1.564,4,102.503,0.676,0
75.87,18.7,1.619,3,150.856,0.99,1
45.688,19.864,2.543,4,130.014,0.57,1
54.31,12.255,1.231,1,88.081,0.524,1
49.317,13.297,2.863,5,135.382,0.546,1
43.636,19.845,3.332,5,155.193,0.556,1
41.453,8.933,2.988,4,100.547,0.826,1
54.943,20.799,0.455,5,124.387,0.956,0
27.242,10.837,3.495,3,83.763,0.961,0
61.259,26.503,3.431,5,105.748,0.456,1
43.757,36.703,3.313,4,83.24,0.84,0
33.049,11.114,2.81,3,147.179,0.934,1
43.25,22.274,2.642,3,94.947,0.86,0
68.857,12.186,3.536,5,123.201,0.631,1
41.97,26.328,4.516,4,129.057,0.744,1
55.377,7.878,1.352,5,203.272,0.587,1
39.036,21.845,3.586,1,102.028,0.825,1
61.369,11.016,2.305,1,86.686,0.515,1
60.283,16.344,2.257,3,107.833,0.816,0
77.729,9.752,0.71,5,84.485,0.621,0
47.367,24.579,2.087,1,95.376,0.771,0
60.03,11.304,1.303,2,131.822,0.685,1
51.471,22.416,1.89,1,89.849,0.67,0
69.438,15.247,1.192,5,126.859,0.853,0
39.218,17.084,1.906,5,127.893,0.934,0
61.175,19.182,1.953,1,117.481,0.599,1
47.08,11.905,2.506,5,130.085,0.746,0
49.037,19.683,0.624,5,101.168,0.568,0
51.376,30.243,0.81,2,49.918,0.656,1
53.784,11.775,2.798,3,111.778,0.618,1
48.257,27.374,1.523,5,112.349,0.544,1
53.221,29.985,3.582,4,98.895,0.868,0
73.672,11.471,2.648,3,129.436,0.734,1
64.782,6.36,3.067,3,132.929,0.643,1
63.037,20.416,3.952,4,116.545,0.712,0
43.167,13.621,2.059,1,112.959,0.887,1
36.661,32.949,1.768,2,146.563,0.864,0
64.33,18.278,3.359,5,77.78,0.798,0
63.141,11.582,2.96,1,100.059,0.626,1
72.09,8.823,2.194,4,139.935,0.737,1
40.94,26.719,3.931,2,126.073,0.567,1
46.557,13.431,2.167,2,102.949,0.708,1
25.408,18.351,2.436,2,121.717,0.857,0
44.113,25.646,2.423,4,93.554,0.883,0
64.949,14.126,1.372,1,114.838,0.63,1
43.003,17.633,2.485,5,130.642,0.837,0
59.607,17.867,3.936,2,148.756,0.808,1
47.142,23.467,2.889,2,129.827,0.686,1
54.861,22.726,2.434,1,150.909,0.824,1
32.785,16.239,2.222,2,66.721,0.892,0
51.278,18.509,2.764,2,43.619,0.839,0
10.0,15.026,3.225,4,44.526,0.572,0
47.197,6.179,3.07,3,143.482,0.681,1
25.543,20.061,2.035,1,128.111,0.776,0
68.09,33.138,2.757,1,88.451,0.608,1
61.661,10.93,2.928,1,98.453,0.938,1
57.0,11.816,1.292,4,120.094,0.764,0
72.815,11.034,2.585,4,88.301,0.657,0
35.766,23.797,0.1,5,85.484,0.648,0
76.21,21.588,2.931,4,90.363,0.623,1
63.983,16.732,3.126,1,87.785,0.819,0
46.452,10.656,3.222,5,111.326,0.835,0
67.034,18.739,1.965,3,159.891,0.627,1
33.406,5.483,2.74,2,79.787,0.926,0
37.632,19.147,3.966,2,107.803,0.666,1
40.871,24.972,3.955,5,123.818,0.608,1
42.065,7.99,2.368,3,126.067,0.787,1
34.152,5.74,2.553,2,94.824,0.552,1
68.346,30.636,3.622,5,128.561,0.529,1
46.117,13.106,0.749,4,122.601,0.587,1
55.288,27.088,2.045,1,96.462,0.61,0
41.445,16.768,3.869,3,69.418,0.825,0
22.691,16.704,3.473,2,75.701,0.539,0
54.051,21.507,2.806,1,132.376,0.772,1
21.316,10.928,0.744,5,152.812,0.838,0
48.97,19.06,2.345,2,110.023,0.922,0
29.475,14.948,1.751,1,152.057,0.651,1
79.809,7.436,2.764,4,108.429,0.662,1
63.67,20.7,1.51,3,75.666,0.99,0
51.586,15.894,1.272,5,103.716,0.909,0
68.956,16.744,0.129,2,154.756,0.682,1
37.305,8.319,3.744,4,91.896,0.881,0
58.152,30.731,1.96,3,105.921,0.755,0
52.997,25.014,2.573,3,145.569,0.722,1
53.96,25.713,2.398,4,143.504,0.99,0
69.085,15.556,1.226,2,119.178,0.87,0
60.987,4.167,1.015,3,126.039,0.984,0
54.331,33.623,1.294,5,141.885,0.571,0
25.177,17.511,1.605,1,119.257,0.972,0
35.599,12.01,2.803,5,148.415,0.698,1
48.159,21.334,1.525,3,130.158,0.696,1
51.401,27.337,4.321,1,105.563,0.775,1
33.047,17.816,3.53,4,123.036,0.792,1
86.175,28.229,3.289,1,98.437,0.868,1
72.746,26.664,2.268,1,81.034,0.844,0
59.032,9.389,4.066,1,75.757,0.629,0
51.081,12.61,2.16,3,103.802,0.58,1
46.817,25.66,2.366,2,119.389,0.693,1
35.721,0.0,2.587,3,164.032,0.718,1
51.162,16.804,3.172,2,122.482,0.732,1
53.866,6.553,3.101,4,115.745,0.911,1
31.374,14.188,1.877,4,107.011,0.746,0
55.013,15.609,1.814,4,99.279,0.99,0
47.671,15.134,3.104,4,113.923,0.922,0
21.383,13.582,3.187,4,101.727,0.678,1
37.094,9.223,1.967,5,100.254,0.471,0
43.796,36.335,0.654,3,134.623,0.99,0
78.315,32.94,2.172,2,82.776,0.68,0
58.348,8.703,3.086,4,102.502,0.85,0
29.968,30.657,4.386,5,89.372,0.627,0
57.291,14.804,1.082,5,113.528,0.944,0
26.79,19.033,1.931,5,135.613,0.839,0
66.24,17.494,1.972,3,120.5,0.568,1
42.933,12.722,3.891,4,103.373,0.446,1
48.595,25.871,2.362,5,138.211,0.746,0
69.887,19.007,1.402,5,136.481,0.79,0
30.693,14.188,3.015,4,111.185,0.827,0
29.043,7.563,1.955,3,157.79,0.611,1
41.246,10.851,1.053,5,122.582,0.63,0
65.576,4.869,1.418,2,121.773,0.455,1
27.21,18.098,4.307,1,73.92,0.643,1
10.0,8.427,2.823,1,59.489,0.492,1
43.233,15.876,2.519,1,111.903,0.62,1
58.276,28.961,2.125,3,139.918,0.766,0
68.004,27.594,2.721,5,119.855,0.764,0
43.053,17.742,2.708,1,138.527,0.626,1
43.829,17.303,2.721,1,97.594,0.758,0
67.309,33.039,2.526,4,112.475,0.927,0
21.954,22.166,3.356,5,110.501,0.681,0
44.172,15.378,2.425,5,55.955,0.541,0
52.856,6.592,1.324,4,163.668,0.83,0
56.738,21.151,1.726,5,145.927,0.873,0
42.353,24.635,0.223,2,137.853,0.622,1
50.517,12.947,4.629,3,148.548,0.624,1
12.675,20.33,3.349,4,95.992,0.442,1
40.126,15.091,1.487,1,133.873,0.655,1
56.803,16.528,2.09,5,95.923,0.591,0
35.266,0.0,1.699,2,114.44,0.507,1
50.885,16.226,4.097,2,57.733,0.669,1
56.703,25.755,0.838,3,105.536,0.719,0
44.862,12.949,2.526,2,64.092,0.694,0
52.557,18.42,2.281,5,72.376,0.675,0
35.559,11.952,3.31,5,108.389,0.933,0
46.901,20.884,2.286,2,88.768,0.763,0
59.153,16.268,0.466,5,120.169,0.811,0
52.355,10.486,2.124,5,160.249,0.973,0
41.202,28.66,1.331,1,91.349,0.858,0
53.363,25.431,2.488,4,102.057,0.682,0
60.719,13.161,3.978,5,129.935,0.461,1
19.251,21.982,0.487,5,89.903,0.668,0
67.386,22.299,1.52,3,88.538,0.924,0
44.956,23.138,1.792,4,96.667,0.857,0
56.382,4.446,1.98,4,136.426,0.669,0
67.959,26.053,3.214,4,56.954,0.709,0
29.425,13.442,2.209,2,84.575,0.738,1
39.358,15.137,2.857,1,155.927,0.634,1
45.672,39.103,1.712,1,20.0,0.642,0
38.244,20.415,2.653,3,106.179,0.629,1
76.024,14.909,3.256,4,155.898,0.789,1
37.148,0.358,1.594,4,167.3,0.572,0
41.667,29.118,3.259,5,133.981,0.922,0
53.066,7.238,2.458,2,145.155,0.719,1
31.968,9.972,3.55,2,81.542,0.565,1
44.065,15.349,2.178,3,84.006,0.864,0
54.762,29.331,2.819,1,161.425,0.93,1
45.007,24.186,2.355,4,102.085,0.99,0
48.599,16.737,2.294,3,53.688,0.912,0
42.06,20.466,2.685,2,122.552,0.597,1
27.283,13.197,2.99,2,104.27,0.749,1
54.824,19.117,1.025,2,112.434,0.99,0
76.324,18.587,3.977,4,38.562,0.611,0
50.276,25.75,0.354,4,30.554,0.542,0
53.379,25.737,1.647,4,119.077,0.665,0
60.391,21.952,2.296,5,100.906,0.578,0
30.96,15.101,2.854,1,96.294,0.635,1
75.538,23.935,4.134,2,121.715,0.627,1
53.035,17.264,0.356,2,86.634,0.82,0
74.478,9.345,1.842,5,102.037,0.538,1
39.005,14.774,0.1,2,96.537,0.738,0
77.271,18.676,2.435,2,136.563,0.613,1
61.627,25.282,2.699,4,53.634,0.797,0
58.296,16.532,4.15,4,90.579,0.812,0
53.51,8.326,2.533,1,142.693,0.845,1
46.272,18.454,3.548,2,84.886,0.845,0
68.008,18.908,3.042,3,113.599,0.633,1
52.105,19.487,1.921,2,160.083,0.719,1
20.494,25.359,0.85,2,114.752,0.926,0
33.242,26.151,2.703,1,174.215,0.782,1
47.212,13.246,0.759,3,151.997,0.844,0
54.65,13.071,3.825,2,90.45,0.55,1
49.151,9.678,2.222,3,72.079,0.854,0
68.285,23.591,3.715,4,91.882,0.456,1
20.733,29.591,1.872,4,121.402,0.506,0
52.154,15.479,2.696,3,120.388,0.594,1
22.73,16.069,2.63,2,129.936,0.78,0
61.396,29.734,2.35,3,82.238,0.804,0
48.583,22.044,1.924,3,86.651,0.606,1
56.294,21.49,2.832,4,126.756,0.451,1
37.042,8.473,1.381,3,169.727,0.853,1
69.192,23.43,1.07,5,77.091,0.802,0
65.626,10.567,3.767,5,107.827,0.78,1
58.753,8.928,3.2,4,99.206,0.99,0
48.057,15.226,2.472,2,114.361,0.741,1
58.698,13.314,4.232,2,74.083,0.581,1
39.397,16.227,2.105,4,112.644,0.906,0
62.833,6.472,3.855,2,146.623,0.663,1
74.742,25.671,2.593,1,61.28,0.705,0
66.059,27.021,1.273,5,139.881,0.645,1
39.056,2.421,4.433,1,74.153,0.603,1
55.421,25.828,3.49,1,117.744,0.661,1
30.603,11.516,2.267,1,124.664,0.933,0
58.586,24.856,3.2,4,121.255,0.571,1
56.759,17.452,1.956,1,99.996,0.87,1
21.953,18.23,3.312,3,129.875,0.461,1
32.573,16.519,0.1,2,72.283,0.944,0
45.753,27.697,1.278,4,137.437,0.959,0
45.487,8.083,3.477,3,96.049,0.577,1
31.858,22.863,2.125,3,119.66,0.731,0
55.835,26.811,2.628,5,99.457,0.81,0
53.772,23.731,0.919,5,155.963,0.635,0
47.086,36.598,4.433,3,123.159,0.984,0
38.663,13.768,3.71,5,129.582,0.723,0
65.731,25.658,2.179,2,133.627,0.647,1
74.831,17.151,1.955,2,102.77,0.731,0
42.747,27.867,3.533,5,118.678,0.617,0
40.817,17.938,4.581,1,114.959,0.723,1
57.368,14.897,3.449,3,129.347,0.657,1
44.63,28.449,4.789,2,96.632,0.611,1
47.909,14.068,1.385,5,88.803,0.832,0
61.095,6.698,1.499,5,145.454,0.483,1
21.36,13.865,1.092,2,133.601,0.967,0
69.775,22.952,2.886,2,84.819,0.752,0
51.09,29.136,2.593,1,167.067,0.979,1
43.828,18.889,2.233,5,92.858,0.855,0
48.661,28.546,3.29,5,113.559,0.532,1
49.436,7.135,3.756,4,145.061,0.73,1
24.032,14.454,0.722,1,144.775,0.469,1
72.424,15.691,1.743,2,88.836,0.593,1
50.62,17.084,3.302,2,125.517,0.701,1
56.645,18.673,1.885,3,100.694,0.621,1
64.273,23.527,1.522,2,122.587,0.653,1
34.683,14.442,3.52,5,106.23,0.627,1
57.102,19.112,0.982,2,97.917,0.99,0
45.985,17.639,2.068,5,81.129,0.737,0
62.702,10.593,2.762,5,145.555,0.807,1
18.092,17.091,1.769,1,87.687,0.713,0
48.514,16.851,3.261,2,154.051,0.767,1
40.958,16.679,1.774,1,101.186,0.432,1
56.484,18.254,3.949,5,124.54,0.954,0
57.051,18.605,2.262,2,156.178,0.619,1
39.386,14.542,3.138,2,97.082,0.88,0
39.317,28.182,3.221,1,124.155,0.886,0
48.34,8.644,1.71,1,124.821,0.468,1
36.55,12.232,0.141,5,90.003,0.728,0
62.63,40.24,2.797,5,116.668,0.777,0
44.462,9.696,2.48,2,132.344,0.735,1
10.0,7.17,3.011,2,161.028,0.72,1
44.378,23.876,2.151,4,97.553,0.659,0
34.422,1.383,1.927,4,120.376,0.62,1
25.531,16.118,4.609,3,106.188,0.868,1
31.439,35.167,0.78,5,115.801,0.776,0
51.641,5.641,3.207,3,92.246,0.746,0
69.93,2.144,1.768,3,104.929,0.496,1
54.698,6.007,2.031,1,155.546,0.684,1
40.902,25.187,2.051,1,113.823,0.712,0
56.839,26.998,1.516,4,112.283,0.838,0
43.114,13.899,3.028,3,84.428,0.476,1
39.581,23.466,3.93,4,142.73,0.567,1
32.685,29.122,2.917,5,135.409,0.972,0
23.723,32.299,2.514,2,113.818,0.608,1
44.151,16.029,1.315,1,167.034,0.461,1
52.371,0.0,2.969,5,94.022,0.622,1
48.551,11.433,4.772,5,78.731,0.609,1
43.76,14.586,1.981,1,107.152,0.811,0
35.814,15.928,1.986,1,84.583,0.809,0
59.124,16.497,1.783,3,117.22,0.584,1
30.243,26.951,1.862,4,112.196,0.667,0
61.64,28.195,0.1,5,144.587,0.795,0
34.967,16.627,2.846,3,96.328,0.8,0
38.713,26.788,1.47,3,119.961,0.575,1
27.998,20.861,0.629,5,115.557,0.591,0
42.479,18.516,3.229,5,134.976,0.99,0
64.63,25.252,1.21,2,76.088,0.684,0
57.734,18.578,2.027,4,83.067,0.929,0
64.676,34.462,4.013,5,92.632,0.752,0
57.832,6.493,0.85,1,77.469,0.873,0
33.445,13.879,0.714,2,128.37,0.808,0
45.038,16.988,2.696,4,128.657,0.744,0
38.297,21.516,3.664,1,142.762,0.742,1
69.959,28.144,0.668,1,105.628,0.546,1
32.048,17.805,2.848,4,96.128,0.697,0
63.405,6.622,3.039,2,81.585,0.647,1
63.394,24.74,0.135,1,149.107,0.674,1
77.444,24.04,3.278,3,103.333,0.668,1
43.855,2.465,3.364,4,88.225,0.743,0
60.685,17.97,2.057,4,132.513,0.809,1
84.225,5.279,3.778,5,99.824,0.701,0
40.735,12.683,3.65,2,77.991,0.854,0
26.974,10.778,2.513,3,83.979,0.662,0
21.8,24.474,1.903,3,112.716,0.732,0
60.691,18.935,1.33,5,77.831,0.99,0
21.753,7.715,2.359,1,107.432,0.552,1
44.415,25.041,3.027,1,84.056,0.661,1
56.56,6.53,2.043,3,81.62,0.466,1
